Name,Symbol,Open,High,Low,Close,Net Chg,% Chg,Volume,52 Wk High,52 Wk Low,Div,Yield,P/E,YTD % Chg
3PEA International,TPNL,3.90,4.10,3.82,4.01,0.08,2.04,"90,106",5.33,2.63,...,...,...,...
Abeona Therapeutics,ABEO,11.70,11.98,11.38,11.90,0.24,2.06,"517,495",22.75,10.50,...,...,...,-24.92
Abeona Therapeutics WT,ABEOW,6.88,6.88,6.80,6.85,-1.68,-19.70,"6,593",17.56,5.90,...,...,...,-40.95
Ability,ABIL,3.42,3.57,3.31,3.35,...,0.10,"133,544",14.55,2.14,...,...,...,-23.86
Abraxas Petroleum,AXAS,2.35,2.45,2.32,2.44,0.12,5.17,"884,454",3.27,1.86,...,...,...,-0.81
Acasti Pharma,ACST,1.40,1.40,1.20,1.22,-0.18,-12.86,"1,849,499",3.36,0.43,...,...,...,29.40
Accelerate Diagnostics,AXDX,20.62,20.65,19.86,19.97,-0.52,-2.54,"362,439",30.35,16.75,...,...,...,-23.78
Acer Therapeutics,ACER,29.26,29.50,27.10,27.90,-1.20,-4.12,"33,694",34.10,11.36,...,...,...,101.44
Achieve Life Sciences,ACHV,2.61,2.61,2.51,2.56,-0.02,-0.78,"414,127",38.45,2.40,...,...,...,-80.94
ACNB,ACNB,36.72,37.67,36.68,37.60,0.80,2.17,"8,783",41.45,26.80,0.92,2.45,17.82,27.24
Adamis Pharmaceuticals,ADMP,3.18,3.27,3.11,3.18,-0.01,-0.31,"683,005",5.85,2.20,...,...,...,-27.73
Adesto Technologies,IOTS,5.83,6.07,5.80,5.99,0.17,2.92,"231,348",10.80,4.70,...,...,...,-7.13
ADial Pharmaceuticals,ADIL,2.87,3.40,2.61,2.70,0.06,2.24,"24,601",4.40,2.51,...,...,...,...
ADMA Biologics,ADMA,6.45,6.45,5.94,6.12,0.22,3.73,"296,811",6.96,2.01,...,...,...,90.65
ADOMANI,ADOM,0.55,0.57,0.53,0.53,-0.01,-1.30,"311,061",7.20,0.45,...,...,...,-87.89
Advanced Micro Devices,AMD,29.04,29.22,26.54,28.43,-0.59,-2.03,"186,734,888",34.14,9.04,...,...,88.84,176.56
Aehr Test Systems,AEHR,2.17,2.17,1.94,1.99,-0.16,-7.44,"228,295",3.95,1.94,...,...,...,-26.57
Aerpio Pharmaceuticals,ARPO,2.95,3.17,2.94,2.95,-0.01,-0.51,"115,573",6.60,2.85,...,...,...,-37.89
AEterna Zentaris,AEZS,1.75,1.80,1.73,1.78,0.02,1.14,"51,834",3.25,1.12,...,...,25.43,-24.58
Aethlon Medical,AEMD,1.20,1.20,1.15,1.18,-0.01,-0.84,"64,410",2.04,0.79,...,...,...,4.42
Agenus,AGEN,2.10,2.16,2.04,2.15,0.06,2.87,"1,028,883",6.19,1.55,...,...,...,-34.05
AGM Group Holdings,AGMH,36.00,36.00,32.97,33.00,-3.00,-8.33,"13,685",52.00,5.01,...,...,...,...
Airgain,AIRG,13.64,13.68,13.36,13.37,-0.11,-0.82,"24,532",13.87,7.31,...,...,...,48.72
Air T,AIRT,34.15,34.15,34.05,34.07,-0.43,-1.25,"1,812",35.74,17.26,...,...,16.87,37.98
Akari Therapeutics ADR,AKTX,2.22,2.22,2.13,2.13,-0.12,-5.33,"28,840",8.65,1.70,...,...,...,-50.81
Akers Biosciences,AKER,0.42,0.42,0.33,0.34,-0.07,-17.39,"7,281,403",1.82,0.12,...,...,...,152.76
Akoustis Technologies,AKTS,7.40,7.78,7.31,7.59,0.19,2.57,"112,980",9.50,4.86,...,...,...,21.83
Albireo Pharma,ALBO,31.95,33.36,31.50,32.57,0.72,2.26,"34,032",39.87,21.10,...,...,...,27.23
Aldeyra Therapeutics,ALDX,13.29,13.50,12.86,13.04,-0.25,-1.88,"544,862",16.70,5.55,...,...,...,91.76
Allegro Merger,ALGR,9.55,9.58,9.55,9.55,0.02,0.21,"38,359",9.60,9.02,...,...,...,...
Alliance MMA,AMMA,0.28,0.34,0.25,0.27,...,0.45,"1,011,365",2.38,0.15,...,...,...,-76.72
Allied Healthcare Products,AHPI,2.23,2.27,2.18,2.27,0.07,2.98,"6,579",5.25,1.72,...,...,...,8.61
Alliqua BioMedical,ALQA,2.16,2.45,2.16,2.36,0.12,5.36,"5,674",3.85,1.58,...,...,...,30.39
Alta Mesa Resources,AMR,4.13,4.24,4.09,4.17,0.06,1.46,"644,929",10.79,4.04,...,...,...,-57.92
Alta Mesa Resources WT,AMRWW,0.49,0.55,0.45,0.55,0.03,5.77,"13,032",2.85,0.40,...,...,...,-63.09
Amedica,AMDA,0.33,0.41,0.29,0.34,0.10,42.91,"13,771,708",6.93,0.18,...,...,...,-89.60
American Electric Technologies,AETI,0.75,0.84,0.73,0.77,0.02,2.68,"61,306",2.53,0.62,...,...,...,-48.67
Ameri Holdings,AMRH,1.39,1.39,1.28,1.29,-0.01,-0.77,"39,433",13.50,0.70,...,...,...,-58.39
Ames National,ATLO,27.50,27.97,27.45,27.97,0.65,2.38,"8,183",32.15,26.00,0.92,3.29,17.48,0.43
Anavex Life Sciences,AVXL,2.65,2.80,2.62,2.67,0.02,0.75,"185,633",5.15,1.85,...,...,...,-17.08
Anixa Biosciences,ANIX,4.98,5.35,4.74,5.03,0.38,8.17,"213,513",6.43,1.83,...,...,...,113.14
Antares Pharma,ATRS,3.75,3.87,3.65,3.78,0.01,0.27,"3,659,114",4.09,1.58,...,...,...,89.95
Apollo Medical Holdings,AMEH,18.90,19.47,18.54,19.05,0.21,1.11,"52,418",30.00,5.50,...,...,...,-20.63
Appliance Recycling Centers of America,ARCI,0.88,0.97,0.83,0.91,0.03,2.95,"353,315",1.68,0.59,...,...,1.70,-12.88
Applied DNA Sciences,APDN,1.49,1.55,1.42,1.55,0.08,5.44,"177,600",3.45,1.10,...,...,...,-2.52
Applied DNA Sciences WT,APDNW,0.14,0.25,0.13,0.24,-0.02,-7.85,"1,556",0.85,0.12,...,...,...,-33.44
Apricus Biosciences,APRI,0.33,0.37,0.32,0.35,0.01,3.50,"573,413",3.34,0.25,...,...,...,-80.71
Aptose Biosciences,APTO,2.43,2.63,2.40,2.61,0.19,7.85,"118,337",4.55,1.30,...,...,...,16.52
AquaBounty Technologies,AQB,2.97,3.15,2.95,3.13,0.13,4.33,"33,531",9.99,2.25,...,...,...,-11.08
Aqua Metals,AQMS,2.53,2.70,2.53,2.65,0.13,5.16,"224,454",7.16,1.42,...,...,...,24.41
Aradigm,ARDM,1.19,1.95,1.19,1.73,0.55,46.61,"1,220,667",7.35,1.03,...,...,...,-74.18
ARCA biopharma,ABIO,0.61,0.80,0.60,0.69,0.03,4.52,"1,848,131",2.00,0.45,...,...,...,-48.90
Arcadia Biosciences,RKDA,4.74,4.93,4.63,4.82,0.08,1.69,"67,543",66.56,3.60,...,...,...,-12.36
ARC Group Worldwide,ARCW,2.00,2.03,1.83,1.98,0.06,2.96,"18,475",2.75,1.60,...,...,...,-5.87
Arcimoto,FUV,3.77,3.77,3.50,3.60,-0.13,-3.49,"26,876",5.50,2.26,...,...,...,-10.22
Aridis Pharmaceuticals,ARDS,12.96,12.98,12.82,12.98,-0.02,-0.15,"2,812",13.85,11.25,...,...,...,...
Art's Way Manufacturing,ARTW,2.55,2.59,2.51,2.58,0.17,7.05,"5,558",5.45,2.20,0.10,3.88,...,-13.53
Aspen Group,ASPU,6.87,7.07,6.60,6.70,-0.19,-2.76,"72,829",9.61,5.85,...,...,...,-24.89
Assembly Biosciences,ASMB,35.91,36.16,31.91,31.94,-3.82,-10.68,"484,987",67.36,27.00,...,...,...,-29.41
Astrotech,ASTC,2.54,2.72,2.52,2.64,0.09,3.72,"41,079",8.15,1.64,...,...,...,-21.19
Asure Software,ASUR,11.49,12.02,11.21,11.63,0.17,1.48,"336,102",19.78,10.08,...,...,...,-17.63
ASV Holdings,ASV,5.09,5.18,4.95,4.95,-0.21,-4.07,"26,763",10.80,4.75,...,...,...,-51.23
Athersys,ATHX,2.14,2.15,2.08,2.13,0.02,0.95,"638,634",3.09,1.29,...,...,...,17.68
Atomera,ATOM,6.06,6.30,5.86,5.95,-0.15,-2.46,"65,196",8.00,2.45,...,...,...,37.41
Atossa Genetics,ATOS,1.57,1.60,1.45,1.58,-0.01,-0.63,"167,758",19.08,1.41,...,...,...,-49.94
Attis Industries,ATIS,0.30,0.32,0.29,0.31,0.02,8.58,"203,591",3.63,0.23,...,...,...,-70.75
Attunity,ATTU,17.38,18.05,17.04,17.89,0.51,2.93,"306,559",22.11,6.27,...,...,...,156.30
AudioEye,AEYE,8.50,8.58,8.30,8.58,0.08,0.89,"2,568",10.24,0.10,...,...,...,5436.28
Auris Medical Holding,EARS,0.36,0.49,0.35,0.44,0.05,12.31,"5,149,482",9.50,0.23,...,...,...,-92.58
AutoWeb,AUTO,2.87,3.03,2.84,2.96,0.03,1.03,"27,915",9.91,2.65,...,...,...,-67.15
Avenue Therapeutics,ATXI,2.53,2.56,2.50,2.51,0.01,0.40,"9,585",5.90,2.38,...,...,...,-30.66
Avid Bioservices,CDMO,6.50,6.62,6.40,6.50,-0.01,-0.15,"459,393",8.44,2.24,...,...,...,67.53
Avinger,AVGR,1.26,1.42,1.26,1.37,0.11,8.73,"262,180",16.40,0.95,...,...,...,-81.18
Avista Healthcare Public Acquisition Cl A,AHPA,10.15,10.15,10.15,10.15,-0.03,-0.29,"100",10.40,9.28,...,...,...,2.32
Avista Healthcare Public Acquisition WT,AHPAW,0.20,0.20,0.20,0.20,...,...,"20,200",0.51,0.12,...,...,...,-28.60
AxoGen,AXGN,36.08,37.59,35.59,37.23,1.14,3.16,"438,619",56.85,18.10,...,...,...,31.55
Aytu BioScience,AYTU,2.60,3.00,2.40,2.51,-0.12,-4.56,"547,394",136.40,2.40,...,...,...,-94.37
AzurRx BioPharma,AZRX,2.63,2.72,2.50,2.72,0.12,4.62,"21,314",4.08,2.20,...,...,...,-25.22
Bancorp 34,BCTF,16.00,16.12,16.00,16.06,0.06,0.37,"3,200",17.25,14.00,...,...,51.74,8.88
Bank of Marin Bancorp,BMRC,82.16,83.69,82.16,83.40,1.19,1.45,"12,132",90.85,63.50,1.28,1.53,27.52,22.65
Bank of South Carolina,BKSC,20.66,20.76,20.50,20.66,-0.04,-0.17,"1,783",22.50,15.95,0.60,2.90,21.02,17.69
Bank of the James Financial Group,BOTJ,15.76,15.80,15.76,15.79,0.03,0.17,"8,729",18.00,14.23,0.24,1.52,18.15,5.77
Benitec Biopharma ADR,BNTC,2.38,2.67,2.38,2.45,-0.03,-1.29,"4,127",4.90,1.85,...,...,...,-17.23
BeyondSpring,BYSI,24.94,25.23,24.80,24.80,-0.13,-0.52,"8,157",39.47,19.15,...,...,...,-14.72
Bioanalytical Systems,BASI,1.64,1.69,1.64,1.69,0.03,2.02,"4,032",2.95,1.37,...,...,51.21,-31.02
Bioblast Pharma,ORPN,1.34,1.67,1.29,1.34,-0.02,-1.47,"271,252",5.99,1.03,...,...,...,-41.38
Biocept,BIOC,2.59,2.75,2.45,2.60,-0.17,-6.20,"179,555",39.86,2.45,...,...,...,-87.51
BioDelivery Sciences International,BDSI,2.88,3.00,2.84,2.96,0.09,3.14,"487,472",3.20,1.70,...,...,...,0.34
Biofrontera ADR,BFRA,13.61,13.61,13.52,13.52,-0.00,-0.03,"707",17.98,11.25,...,...,...,...
BioHiTech Global,BHTG,3.26,3.46,3.26,3.29,0.04,1.23,"8,846",6.50,2.68,...,...,...,-16.07
BIO-key International,BKYI,1.39,1.47,1.34,1.47,0.04,2.80,"9,635",3.64,1.20,...,...,...,-16.95
Biolase,BIOL,2.12,2.12,1.54,1.80,-0.33,-15.49,"278,920",3.95,1.14,...,...,...,-15.57
BioLife Solutions,BLFS,16.47,16.81,13.26,13.89,-2.62,-15.87,"864,952",26.35,4.63,...,...,...,131.50
BioLine RX ADR,BLRX,1.17,1.34,1.12,1.34,0.20,17.54,"3,589,236",1.34,0.78,...,...,...,22.94
Biomerica,BMRA,3.63,3.63,3.51,3.51,-0.04,-1.13,"7,706",9.32,2.69,...,...,...,-6.15
BioNano Genomics,BNGO,7.33,7.38,7.26,7.26,-0.37,-4.85,"4,275",10.00,5.51,...,...,...,...
BioNano Genomics WT,BNGOW,2.37,2.55,2.27,2.55,0.35,15.91,"15,143",2.64,1.00,...,...,...,...
BiondVax Pharmaceuticals ADR,BVXV,5.43,5.61,5.37,5.40,-0.19,-3.40,"18,235",7.85,4.60,...,...,...,0.75
BiondVax Pharmaceuticals WT,BVXVW,1.19,1.19,1.07,1.07,0.05,4.90,"6,548",2.68,0.11,...,...,...,-17.05
Bio-Path Holdings,BPTH,0.61,0.61,0.58,0.61,0.01,2.15,"648,951",5.85,0.56,...,...,...,-69.99
Biosig Technologies,BSGM,5.30,5.56,5.25,5.37,0.04,0.75,"64,659",7.13,1.28,...,...,...,272.89
BioXcel Therapeutics,BTAI,7.60,7.61,7.45,7.59,0.01,0.13,"78,779",14.79,6.76,...,...,...,...
Bison Capital Acquisition Rt,BCACR,0.52,0.52,0.51,0.51,-0.02,-3.77,"200",0.63,0.25,...,...,...,34.56
Bison Capital Acquisition WT,BCACW,0.48,0.48,0.48,0.48,-0.00,-0.29,"100",0.55,0.27,...,...,...,33.33
Blink Charging,BLNK,2.34,2.39,2.30,2.36,0.02,0.85,"119,290",15.00,1.28,...,...,...,-47.56
Blink Charging WT,BLNKW,0.96,0.96,0.96,0.96,0.13,16.23,"400",4.10,0.18,...,...,...,...
Bonso Electronics International,BNSO,2.88,2.88,2.63,2.85,-0.01,-0.35,"7,114",5.04,2.16,...,...,...,16.33
Borqs Technologies,BRQS,4.70,4.74,4.70,4.74,0.14,3.04,"300",10.00,4.00,...,...,...,-13.03
B.O.S. Better Online Solutions,BOSC,2.40,2.40,2.33,2.37,-0.02,-0.85,"5,204",2.97,1.71,...,...,9.48,8.21
Boston Omaha,BOMN,29.08,29.85,29.05,29.21,0.13,0.45,"24,878",35.49,15.86,...,...,...,-9.82
Boxlight Cl A,BOXL,2.76,2.84,2.71,2.75,-0.01,-0.36,"34,964",17.40,2.70,...,...,...,-52.49
Brainstorm Cell Therapeutics,BCLI,3.76,3.91,3.76,3.90,0.17,4.56,"52,171",5.35,2.88,...,...,...,-0.51
Bridgeline Digital,BLIN,1.02,1.18,1.00,1.00,-0.04,-3.85,"1,006,380",4.45,0.79,...,...,...,-58.81
Bridgewater Bancshares,BWB,12.93,13.06,12.88,13.00,0.12,0.93,"12,288",13.87,12.29,...,...,...,...
Broadvision,BVSN,1.75,1.84,1.75,1.84,-0.02,-0.85,"4,611",4.50,1.59,...,...,...,-48.91
Broadway Financial,BYFC,1.40,1.41,1.38,1.41,0.01,0.71,"5,029",2.60,1.37,...,...,...,-40.25
Broadwind Energy,BWEN,2.20,2.22,2.19,2.20,0.03,1.38,"10,809",4.11,2.01,...,...,...,-19.12
BSB Bancorp,BLMT,32.05,32.60,32.05,32.57,0.49,1.53,"9,620",36.50,27.75,...,...,16.30,11.35
Caladrius Biosciences,CLBS,5.25,5.77,5.20,5.77,0.54,10.33,"42,646",11.65,2.63,...,...,...,64.39
Cambium Learning Group,ABCD,11.46,11.64,11.40,11.40,-0.05,-0.44,"41,410",13.98,5.19,...,...,12.53,100.70
Cambridge Bancorp,CATC,87.85,88.00,84.20,87.61,-0.25,-0.28,"9,903",95.06,70.00,2.00,2.28,20.19,9.79
Cancer Genetics,CGIX,0.91,0.99,0.90,0.93,-0.01,-0.93,"189,956",3.50,0.82,...,...,...,-49.66
Capricor Therapeutics,CAPR,1.07,1.09,1.05,1.07,0.01,0.94,"84,074",4.15,0.97,...,...,53.50,-32.28
Capstone Turbine,CPST,0.99,1.04,0.96,1.02,0.01,0.99,"439,395",1.90,0.69,...,...,...,32.47
Carolina Financial,CARO,37.37,37.89,37.20,37.71,0.34,0.91,"61,023",45.58,34.73,0.28,0.74,22.05,1.51
Carolina Trust BancShares,CART,8.24,8.35,8.22,8.35,0.13,1.58,"1,489",10.00,7.40,...,...,43.95,-12.57
CASI Pharmaceuticals,CASI,4.46,4.50,4.20,4.44,0.03,0.68,"284,735",8.89,1.69,...,...,...,36.62
CAS Medical Systems,CASM,2.30,2.36,2.22,2.24,-0.08,-3.45,"79,884",2.70,0.59,...,...,...,190.95
Catalyst Biosciences,CBIO,10.53,11.12,10.50,11.05,0.53,5.04,"277,664",37.00,4.15,...,...,...,-18.99
Catalyst Pharmaceuticals,CPRX,3.58,3.67,3.50,3.54,-0.04,-1.12,"559,713",4.51,2.18,...,...,...,-9.46
Catasys,CATS,11.80,12.29,11.38,11.44,-0.26,-2.22,"110,283",14.29,3.30,...,...,...,205.07
CBM Bancorp,CBMB,12.69,12.69,12.51,12.65,0.02,0.16,"128,003",13.20,12.51,...,...,...,...
CDTI Advanced Materials,CDTI,1.72,1.88,1.71,1.81,0.08,4.42,"40,764",12.95,1.50,...,...,...,-76.99
Celcuity,CELC,28.87,29.94,27.72,28.82,-0.06,-0.21,"14,293",31.00,12.01,...,...,...,52.08
Cellectar Biosciences,CLRB,3.35,3.65,2.92,2.98,-0.71,-19.24,"819,104",12.76,0.57,...,...,...,117.52
Cellectar Biosciences WT Series A,CLRBZ,0.10,0.13,0.10,0.12,0.04,59.15,"105,911",0.85,0.05,...,...,...,-76.00
Cellect Biotechnology ADR,APOP,4.59,4.74,4.45,4.59,-0.05,-1.08,"13,498",13.50,4.40,...,...,...,-34.43
Cellect Biotechnology WT,APOPW,1.99,1.99,1.99,1.99,0.19,10.56,"200",4.31,0.80,...,...,...,-5.69
Celsion,CLSN,2.67,2.84,2.67,2.79,0.11,4.10,"305,679",5.90,1.75,...,...,...,4.10
Celsius Holdings,CELH,3.99,4.01,3.83,3.96,-0.02,-0.50,"49,292",6.05,3.05,...,...,...,-24.57
Cemtrex,CETX,1.51,1.54,1.44,1.50,0.06,4.17,"71,402",3.57,1.30,...,...,...,-41.14
Centennial Resource Development,CDEV,22.02,22.85,21.94,22.75,0.80,3.64,"2,709,306",22.85,15.78,...,...,34.09,14.90
Central Federal,CFBK,14.65,14.86,14.34,14.55,-0.10,-0.68,"4,671",16.95,12.32,...,...,26.45,-3.80
Central Valley Community Bancorp,CVCY,20.94,20.94,20.63,20.88,-0.01,-0.05,"14,616",22.34,18.05,0.32,1.53,18.64,3.47
Century Casinos,CNTY,7.54,7.57,7.39,7.40,-0.15,-1.99,"46,574",9.85,7.25,...,...,49.33,-18.95
Cerecor,CERC,4.44,4.62,4.36,4.44,0.07,1.60,"47,492",5.74,0.85,...,...,...,38.75
Cerecor WT Cl A,CERCW,0.09,0.09,0.05,0.07,-0.02,-22.00,"39,500",1.25,0.02,...,...,...,-76.60
Cesca Therapeutics,KOOL,0.40,0.45,0.38,0.44,0.06,17.17,"1,177,805",4.75,0.22,...,...,...,-85.35
Champions Oncology,CSBR,13.83,14.33,12.82,13.80,0.01,0.07,"280,049",17.90,3.04,...,...,...,255.67
Chanticleer Holdings,BURG,2.32,2.47,2.32,2.47,0.14,6.01,"5,345",5.14,1.81,...,...,...,-6.08
Charles&Colvard,CTHR,0.88,0.90,0.86,0.90,-0.00,-0.01,"31,157",1.60,0.80,...,...,...,-33.34
Check-Cap,CHEK,3.99,4.25,3.99,4.09,0.14,3.54,"189,256",23.88,3.08,...,...,...,-60.81
Check-Cap WT Series C,CHEKZ,0.78,0.78,0.77,0.77,-0.02,-2.52,"1,000",1.25,0.36,...,...,...,...
Checkpoint Therapeutics,CKPT,3.33,3.35,3.21,3.32,0.01,0.30,"31,849",7.84,2.22,...,...,...,-14.43
Chembio Diagnostics,CEMI,10.40,10.52,9.85,10.50,0.02,0.19,"12,335",11.55,5.90,...,...,...,28.05
CHF Solutions,CHFS,1.19,1.29,1.16,1.26,0.07,5.63,"493,352",24.45,0.93,...,...,...,-63.67
China Advanced Construction Materials Group,CADC,4.02,4.13,4.02,4.09,0.08,2.00,"5,021",10.20,1.60,...,...,16.36,-4.88
China Automotive Systems,CAAS,3.53,3.58,3.53,3.56,0.06,1.71,"4,811",5.47,3.50,...,...,...,-25.83
China Ceramics,CCCL,1.34,1.39,1.34,1.39,-0.09,-6.07,"6,209",4.28,1.21,...,...,...,-41.84
China Commercial Credit,GLG,0.69,0.77,0.69,0.73,0.05,6.52,"11,955",4.00,0.46,...,...,...,-46.74
China Customer Relations Centers,CCRC,12.80,13.36,12.70,13.18,0.34,2.61,"22,916",35.10,7.90,...,...,27.46,-22.70
China HGS Real Estate,HGSH,1.32,1.35,1.23,1.30,0.07,5.98,"48,551",4.48,1.18,...,...,5.67,6.15
China Jo-Jo Drugstores,CJJD,1.58,1.59,1.51,1.52,-0.08,-4.69,"158,525",1.79,1.17,...,...,...,22.98
China Lending,CLDC,0.82,0.85,0.82,0.83,0.01,0.70,"6,930",7.75,0.77,...,...,...,-73.45
China Natural Resources,CHNR,1.88,1.88,1.79,1.79,-0.05,-2.76,"953",4.23,1.65,...,...,...,-32.96
ChinaNet Online Holdings,CNET,1.65,1.70,1.62,1.70,0.05,3.03,"49,470",11.90,1.00,...,...,...,55.96
China Recycling Energy,CREG,1.24,1.24,1.18,1.21,-0.01,-0.49,"72,177",9.39,0.98,...,...,...,-56.63
ChromaDex,CDXC,3.92,4.27,3.92,4.22,0.31,7.93,"175,909",7.24,3.19,...,...,...,-28.23
Citius Pharmaceuticals,CTXR,1.76,1.90,1.60,1.89,0.01,0.37,"299,415",5.49,1.12,...,...,...,-50.26
Citizens&Northern,CZNC,26.59,27.48,26.36,27.32,0.96,3.64,"14,340",28.99,22.00,1.08,3.95,20.09,13.83
Civista Bancshares,CIVB,24.19,24.41,24.02,24.13,-0.02,-0.08,"10,340",25.88,20.41,0.36,1.49,17.24,9.68
ClearOne,CLRO,1.99,1.99,1.86,1.86,-0.14,-7.00,"14,065",9.95,1.80,0.28,15.05,...,-79.22
ClearSign Combustion,CLIR,1.65,1.69,1.60,1.60,-0.06,-3.61,"140,941",4.70,1.40,...,...,...,-55.56
Cleveland BioLabs,CBLI,2.06,2.07,1.97,1.97,-0.06,-2.98,"4,809",4.25,1.76,...,...,...,-50.87
CLPS,CLPS,9.40,9.90,8.71,9.50,0.10,1.06,"58,689",17.35,4.70,...,...,...,...
CM Seven Star Acquisition,CMSS,10.05,10.10,9.92,10.10,0.02,0.20,"155,880",11.00,9.59,...,...,168.61,4.66
CM Seven Star Acquisition Rt,CMSSR,0.55,0.55,0.55,0.55,...,...,"1,000",0.65,0.01,...,...,...,71.88
Coastway Bancorp,CWAY,28.22,28.23,28.22,28.23,...,...,"2,267",28.25,19.75,...,...,37.64,33.16
Cocrystal Pharma,COCP,2.61,3.00,2.61,3.00,0.40,15.38,"21,152",6.58,0.17,...,...,30.93,1400.00
Coda Octopus Group,CODA,6.00,6.16,5.70,5.83,-0.15,-2.43,"13,174",8.44,3.28,...,...,64.72,22.07
Co-Diagnostics,CODX,2.38,2.45,2.38,2.39,-0.02,-0.83,"9,245",6.85,1.45,...,...,...,-9.47
Coffee Holding,JVA,4.34,4.47,4.34,4.40,0.06,1.38,"12,006",5.75,3.65,...,...,25.46,3.36
Cohbar,CWBR,4.22,4.57,4.20,4.52,0.31,7.36,"45,582",10.79,4.06,...,...,...,-9.05
Collplant Holdings ADR,CLGN,5.07,5.31,5.01,5.01,-0.14,-2.72,"2,374",9.34,4.70,...,...,...,-43.39
Command Center,CCNI,5.62,5.86,5.62,5.63,-0.28,-4.74,"1,090",6.50,0.41,...,...,...,-4.58
Community Bankers Trust,ESXB,8.88,9.31,8.80,9.21,0.34,3.83,"27,406",10.05,7.90,...,...,24.89,13.01
Community Financial,TCFC,34.08,34.08,33.60,33.86,0.19,0.56,"3,385",40.44,32.83,0.40,1.18,29.70,-11.59
Community First Bancshares,CFBI,11.51,11.74,11.51,11.74,-0.04,-0.34,"1,410",13.40,10.53,...,...,621.16,1.21
Comstock Holding Cl A,CHCI,2.39,2.43,2.15,2.18,-0.25,-10.29,"38,231",6.58,1.20,...,...,...,28.24
Constellation Alpha Capital Rt,CNACR,0.39,0.45,0.39,0.45,0.05,12.53,"10,400",0.95,0.25,...,...,...,45.16
Constellation Alpha Capital Un,CNACU,10.32,10.55,10.30,10.30,-0.29,-2.74,"610",11.50,8.22,...,...,294.29,1.18
Constellation Alpha Capital WT,CNACW,0.22,0.22,0.22,0.22,-0.00,-0.05,"500",0.50,0.18,...,...,...,...
ContraFect,CFRX,2.06,2.13,2.00,2.06,...,...,"79,279",2.93,0.85,...,...,...,103.96
ContraVir Pharmaceuticals,CTRV,0.57,0.63,0.55,0.63,0.06,9.65,"1,035,676",6.60,0.50,...,...,...,-78.30
Cool Holdings,AWSM,10.45,10.69,9.00,9.15,-1.39,-13.19,"510,936",22.61,2.70,...,...,...,27.34
Corbus Pharmaceuticals Holdings,CRBP,8.40,8.44,7.52,7.71,-0.26,-3.26,"1,998,980",9.96,4.50,...,...,...,8.59
Corcept Therapeutics,CORT,14.09,14.78,14.02,14.51,0.51,3.64,"1,039,408",25.96,11.55,...,...,12.51,-19.66
Correvio Pharma,CORV,4.00,4.05,3.78,3.89,-0.06,-1.52,"153,887",5.24,1.29,...,...,...,150.97
CounterPath,CPAH,2.01,2.03,2.00,2.01,-0.01,-0.50,"9,863",7.30,1.92,...,...,...,-37.38
CPI Card Group,PMTS,3.00,3.06,3.00,3.00,...,...,"16,127",7.80,1.93,...,...,...,-18.26
CPS Technologies,CPSH,1.43,1.45,1.41,1.41,-0.03,-2.08,"8,558",2.20,1.04,...,...,...,-15.05
Crown Crafts,CRWS,5.60,5.85,5.40,5.58,-0.03,-0.53,"27,413",7.54,5.20,0.32,5.73,20.67,-13.49
CryoPort,CYRX,12.53,13.38,12.50,13.16,0.64,5.11,"160,875",16.88,6.02,...,...,...,53.20
CryoPort WT,CYRXW,9.25,9.80,9.07,9.80,-0.32,-3.16,"4,201",16.31,2.94,...,...,...,79.65
CTI BioPharma,CTIC,2.10,2.20,2.05,2.19,0.12,5.80,"242,670",5.36,1.70,...,...,...,-18.28
CTI Industries,CTIB,3.59,3.72,3.58,3.72,0.13,3.63,"9,601",5.09,2.93,...,...,...,-8.60
Cue Biopharma,CUE,8.50,8.50,8.08,8.14,-0.32,-3.78,"62,128",17.99,7.57,...,...,...,...
CUI Global,CUI,2.22,2.26,2.20,2.25,0.03,1.35,"62,587",4.35,2.14,...,...,...,-18.18
CVD Equipment,CVV,6.21,6.30,6.06,6.28,0.11,1.78,"9,113",13.50,5.25,...,...,18.47,-45.96
Cyanotech,CYAN,3.34,3.34,3.27,3.27,-0.12,-3.52,"3,132",5.78,3.21,...,...,...,-16.24
Cyclacel Pharmaceuticals,CYCC,1.37,1.44,1.37,1.44,0.07,5.11,"46,268",2.25,1.28,...,...,...,-17.24
CYREN,CYRN,3.20,3.21,3.15,3.20,0.01,0.31,"77,276",3.25,1.63,...,...,...,28.00
Cytori Therapeutics,CYTX,0.45,0.51,0.44,0.46,0.01,1.10,"1,961,731",8.70,0.31,...,...,...,-84.71
Cytosorbents,CTSO,12.34,12.84,12.25,12.50,0.17,1.38,"219,871",14.95,5.80,...,...,...,92.31
CytRx,CYTR,1.08,1.08,1.05,1.08,0.02,1.89,"66,060",2.64,1.00,...,...,...,-36.09
Daily Journal,DJCO,255.54,255.54,248.50,248.50,-2.80,-1.11,"855",257.70,213.85,...,...,27.55,7.94
Dare Bioscience,DARE,0.95,0.98,0.94,0.98,0.06,6.29,"24,382",3.59,0.74,...,...,...,-54.71
DarioHealth,DRIO,0.90,0.92,0.85,0.92,0.02,2.22,"98,153",3.64,0.85,...,...,...,-42.57
DarioHealth WT,DRIOW,0.14,0.14,0.14,0.14,...,...,"900",0.65,0.05,...,...,...,-37.14
DASAN Zhone Solutions,DZSI,15.24,15.27,14.50,15.15,...,...,"37,779",15.59,6.20,...,...,34.43,63.61
Daseke,DSKE,7.86,8.02,7.77,7.97,0.15,1.92,"462,521",14.52,7.77,...,...,10.63,-44.23
Daseke WT,DSKEW,0.80,0.80,0.69,0.79,0.04,5.33,"20,100",2.08,0.69,...,...,...,-61.27
Data I/O,DAIO,5.19,5.19,5.05,5.07,-0.11,-2.12,"84,305",16.49,4.88,...,...,11.02,-57.89
Datawatch,DWCH,11.07,11.33,10.85,11.22,0.14,1.26,"32,992",14.20,7.70,...,...,...,18.11
DelMar Pharmaceuticals,DMPI,0.75,0.77,0.69,0.72,-0.01,-1.64,"122,886",1.82,0.33,...,...,...,-33.94
Del Taco Restaurants,TACO,11.41,11.60,11.33,11.41,0.06,0.53,"171,297",15.87,10.00,...,...,9.43,-5.86
Delta Technology Holdings,DELT,0.85,0.90,0.85,0.90,0.03,3.44,"15,726",4.70,0.68,...,...,...,-15.10
Denny's,DENN,13.86,13.88,13.53,13.76,-0.10,-0.72,"372,219",17.75,12.09,...,...,21.17,3.93
Determine,DTRM,0.65,0.65,0.52,0.61,-0.04,-5.94,"28,705",2.43,0.52,...,...,...,-66.03
Differential Brands Group,DFBG,3.87,4.07,3.87,3.99,0.09,2.31,"7,881",6.89,0.70,...,...,...,320.00
Diffusion Pharmaceuticals,DFFN,0.41,0.43,0.40,0.43,0.04,9.02,"74,566",2.97,0.30,...,...,...,-63.65
Digital Ally,DGLY,3.00,3.00,2.80,2.85,-0.10,-3.39,"187,346",4.95,1.70,...,...,...,7.55
Digital Turbine,APPS,1.20,1.23,1.16,1.23,0.04,3.36,"941,696",2.59,1.12,...,...,...,-31.28
Diversicare Healthcare Services,DVCR,6.64,6.64,6.26,6.45,-0.25,-3.73,"981",12.06,5.25,0.22,3.41,...,-35.56
Diversified Restaurant Holdings,SAUC,1.41,1.48,1.41,1.48,0.08,5.71,"78,622",2.07,0.85,...,...,...,-7.50
DLH Holdings,DLHC,5.85,5.85,5.81,5.84,0.01,0.26,"10,812",6.83,5.00,...,...,83.43,-5.19
DNB Financial,DNBF,36.96,37.00,36.67,36.67,-0.03,-0.07,"2,116",37.15,30.40,0.28,0.76,20.04,8.83
Dolphin Entertainment,DLPN,2.68,2.68,2.45,2.50,-0.19,-7.06,"3,935",11.99,2.04,...,...,20.53,-30.56
Dragon Victory International,LYL,1.65,2.76,1.12,2.60,1.08,71.05,"302,511",14.99,1.12,...,...,160.49,-40.37
Draper Oakwood Technology Acquisition WT,DOTAW,0.47,0.47,0.47,0.47,-0.02,-4.61,"2,000",0.93,0.41,...,...,...,-30.24
DropCar,DCAR,0.60,0.60,0.52,0.53,-0.07,-10.94,"295,899",13.52,0.50,...,...,...,-86.95
DryShips,DRYS,5.80,5.98,5.74,5.82,0.02,0.34,"681,343",6.90,2.74,0.10,1.71,...,64.87
Dynasil of America,DYSL,1.26,1.27,1.24,1.25,-0.00,-0.05,"11,534",2.06,1.13,...,...,41.67,5.93
Dynatronics,DYNT,2.80,2.93,2.80,2.82,-0.12,-4.08,"2,823",3.60,2.15,...,...,...,-2.22
Dynavax Technologies,DVAX,11.35,11.78,11.01,11.58,0.23,2.03,"608,309",24.45,10.97,...,...,...,-38.07
Eagle Bancorp,EGBN,50.08,51.62,49.71,51.57,1.67,3.35,"186,085",69.80,46.20,...,...,14.99,-10.93
Easterly Acquisition,EACQ,10.40,10.40,10.40,10.40,...,...,"1,000",11.25,9.45,...,...,47.27,2.97
Easterly Acquisition Un,EACQU,9.90,10.78,9.90,10.78,-0.62,-5.44,"1,205",11.45,9.41,...,...,49.00,0.47
Easterly Acquisition WT,EACQW,1.18,1.18,1.15,1.15,0.09,8.49,"1,300",1.40,0.02,...,...,...,93.24
Eastside Distilling,EAST,7.95,7.95,7.61,7.94,-0.04,-0.50,"15,913",9.25,3.53,...,...,...,97.02
Eco-Stim Energy Solutions,ESES,0.25,0.27,0.25,0.27,0.01,1.93,"357,958",1.62,0.25,...,...,...,-78.57
Edison Nation,EDNT,7.16,7.16,6.81,7.15,-0.30,-4.03,"4,201",11.63,4.56,...,...,...,...
eGain,EGAN,7.80,7.98,7.58,7.86,0.09,1.16,"411,506",19.05,2.55,...,...,...,49.71
Ekso Bionics Holdings,EKSO,2.30,2.40,2.17,2.23,-0.07,-3.04,"402,428",4.77,1.02,...,...,...,4.69
Electrameccanica Vehicles,SOLO,2.73,3.40,2.63,2.89,0.23,8.69,"235,222",15.00,2.27,...,...,...,-72.46
Electrameccanica Vehicles WT,SOLOW,0.35,0.46,0.35,0.40,0.04,11.11,"12,556",0.78,...,...,...,...,...
Electro-Sensors,ELSE,3.60,3.65,3.60,3.65,0.04,1.11,"797",5.24,3.32,...,...,...,-9.88
Elmira Savings Bank,ESBK,20.21,20.40,20.21,20.40,...,...,"2,361",21.00,18.00,0.92,4.51,15.56,4.74
Eltek,ELTK,3.45,3.73,3.45,3.58,0.03,0.94,"2,091",8.95,2.65,...,...,...,-12.32
Emclaire Financial,EMCF,35.80,36.16,35.25,36.00,...,0.01,"3,249",38.70,27.86,1.12,3.11,16.07,18.62
ENDRA Life Sciences,NDRA,3.03,3.23,2.94,3.10,0.01,0.32,"34,546",5.88,1.55,...,...,...,-36.22
ENDRA Life Sciences WT,NDRAW,0.55,0.55,0.55,0.55,0.10,22.22,"300",2.00,0.23,...,...,...,-56.00
Energous,WATT,9.94,10.18,9.45,10.07,0.09,0.90,"554,250",33.50,6.91,...,...,...,-48.23
Energy Focus,EFOI,2.01,2.12,1.94,2.04,-0.02,-0.97,"8,556",3.46,1.78,...,...,...,-16.73
ENGlobal,ENG,1.00,1.04,1.00,1.01,-0.01,-1.00,"39,209",1.47,0.73,...,...,...,16.10
Entera Bio,ENTX,5.50,5.86,5.19,5.83,0.13,2.28,"6,715",7.60,4.11,...,...,...,...
Entera Bio WT,ENTXW,0.60,0.95,0.60,0.95,0.06,6.35,"1,454",1.47,0.50,...,...,...,...
Esquire Financial Holdings,ESQ,24.29,24.29,23.56,23.84,-0.31,-1.28,"34,535",29.45,15.22,...,...,29.80,20.77
Essa Pharma,EPIX,3.25,3.41,3.25,3.36,0.12,3.68,"6,808",9.80,2.00,...,...,...,-23.41
Establishment Labs Holdings,ESTA,24.08,24.51,23.68,23.71,-0.33,-1.37,"47,471",30.70,22.03,...,...,...,...
EuroDry,EDRY,10.20,10.36,9.50,9.79,0.07,0.74,"33,325",14.50,4.89,...,...,...,...
Euroseas,ESEA,1.28,1.28,1.18,1.20,-0.09,-6.98,"54,185",2.73,1.18,...,...,...,-29.52
Euro Tech Holdings,CLWT,3.67,3.79,3.61,3.66,-0.04,-1.08,"15,009",8.45,2.00,...,...,21.88,10.57
Evofem Biosciences,EVFM,3.93,4.00,3.90,4.00,0.04,1.01,"74,268",12.90,1.79,...,...,...,-65.81
Evoke Pharma,EVOK,2.85,3.07,2.85,2.99,-0.02,-0.66,"75,213",4.09,1.85,...,...,...,32.30
Evolving Systems,EVOL,2.26,2.30,2.26,2.29,0.04,1.93,"7,913",5.85,2.05,0.44,19.18,28.67,-51.20
EXACT Sciences,EXAS,78.58,80.46,76.73,76.83,-0.97,-1.25,"1,699,841",81.22,37.36,...,...,...,46.23
Exela Technologies,XELA,6.60,6.87,6.53,6.84,0.25,3.79,"80,028",7.34,4.15,...,...,...,32.82
Eyegate Pharmaceuticals,EYEG,0.45,0.46,0.40,0.43,0.01,1.67,"2,689,861",1.38,0.29,...,...,...,-60.09
Eyegate Pharmaceuticals WT,EYEGW,0.09,0.09,0.03,0.08,...,...,"2,525",0.21,0.02,...,...,...,-46.56
Eyenovia,EYEN,4.05,4.05,3.81,4.00,...,...,"6,811",10.74,2.94,...,...,...,...
Falcon Minerals,FLMN,11.34,11.34,10.88,11.06,-0.24,-2.12,"1,122,732",11.70,9.47,...,...,...,15.21
Falcon Minerals WT,FLMNW,1.70,1.80,1.60,1.60,-0.05,-2.97,"9,600",2.00,0.01,...,...,...,128.71
Farmers&Merchants Bancorp,FMAO,42.71,44.49,42.56,43.63,0.62,1.44,"8,752",49.99,34.46,0.56,1.28,27.79,6.94
Farmers National Banc,FMNB,15.09,15.47,15.09,15.38,0.31,2.06,"49,623",16.90,12.80,0.32,2.08,15.69,4.27
Farmmi,FAMI,5.33,5.63,5.33,5.61,0.26,4.86,"717,635",10.32,2.68,...,...,18.53,...
Federal Street Acquisition,FSAC,10.14,10.14,10.12,10.13,0.01,0.10,"208,455",11.00,9.65,...,...,244.10,4.33
Federal Street Acquisition WT,FSACW,1.48,1.48,1.48,1.48,0.03,1.72,"100,000",1.75,0.95,...,...,...,28.26
Fennec Pharmaceuticals,FENC,8.08,8.59,7.91,8.39,0.36,4.48,"134,990",14.99,7.55,...,...,...,-16.27
FFBW,FFBW,11.60,11.60,11.60,11.60,0.25,2.16,"1,012",12.50,10.30,...,...,752.95,5.22
Fibrocell Science,FCSC,2.24,2.37,2.10,2.27,0.02,0.89,"127,551",16.40,1.75,...,...,...,-29.06
Finjan Holdings,FNJN,4.38,4.61,4.31,4.50,0.15,3.45,"164,258",5.07,1.66,...,...,3.04,108.33
First Capital,FCAP,38.99,40.00,38.99,40.00,1.00,2.56,"964",43.02,34.98,0.92,2.30,16.81,8.87
First Choice Bancorp,FCBP,27.22,27.43,26.85,27.13,-0.09,-0.33,"15,288",33.50,23.46,0.80,2.95,...,...
First Community (South Carolina),FCCO,24.02,24.02,23.80,23.96,0.08,0.34,"9,912",26.25,20.56,0.40,1.67,21.98,6.02
First of Long Island,FLIC,21.63,22.04,21.55,21.92,0.33,1.53,"47,040",33.50,21.27,0.60,2.74,14.42,-23.09
First Savings Financial Group,FSFG,67.80,67.80,67.20,67.20,-0.36,-0.53,"753",80.01,53.85,0.60,0.89,14.81,17.85
First US Bancshares,FUSB,10.71,10.71,10.71,10.71,-0.08,-0.75,"269",14.38,10.52,0.08,0.75,...,-16.34
Five Star Senior Living,FVE,0.86,0.95,0.86,0.95,0.05,5.56,"4,766",1.80,0.75,...,...,...,-36.67
FlexShopper,FPAY,0.81,0.92,0.80,0.81,0.02,2.11,"1,834,813",5.36,0.78,...,...,...,-78.78
FlexShopper WT,FPAYW,0.30,0.34,0.24,0.25,-0.01,-3.85,"230,830",0.40,0.20,...,...,...,...
FNCB Bancorp,FNCB,10.00,10.29,10.00,10.25,-0.05,-0.49,"2,005",12.00,6.54,0.16,1.56,256.25,40.41
Fonar,FONR,24.34,24.53,24.34,24.45,0.14,0.58,"14,608",33.90,21.10,...,...,8.03,0.41
Foresight Autonomous Holdings ADR,FRSX,2.85,2.85,2.85,2.85,...,...,"1,561",8.20,2.44,...,...,...,-29.28
Fortress Biotech,FBIO,1.38,1.50,1.38,1.49,0.10,7.19,"337,418",5.54,1.36,...,...,...,-62.66
Forum Merger II Cl A,FMCI,9.54,9.54,9.52,9.52,-0.02,-0.21,"7,825",9.83,9.52,...,...,...,...
Forward Industries,FORD,1.57,1.57,1.53,1.57,0.01,0.64,"19,453",4.45,1.13,...,...,8.59,27.64
FS Bancorp,FSBW,52.06,52.70,51.82,52.17,0.10,0.19,"27,898",66.40,50.26,0.56,1.07,12.05,-4.40
FSB Bancorp,FSBC,17.50,17.59,17.50,17.59,0.09,0.50,"867",18.50,15.30,...,...,293.13,3.46
Fuling Global,FORK,4.16,4.16,3.91,4.00,-0.10,-2.44,"4,285",5.65,2.35,...,...,9.76,1.27
Full House Resorts,FLL,2.93,3.10,2.85,2.88,-0.08,-2.70,"30,686",4.10,2.69,...,...,...,-25.96
Fusion Connect,FSNN,2.75,2.83,2.70,2.72,-0.02,-0.73,"132,199",6.63,2.50,...,...,...,-51.64
Fuwei Films Holdings,FFHL,1.83,1.85,1.73,1.85,-0.08,-4.13,"11,004",4.93,1.73,...,...,...,-37.07
FVCBankcorp,FVCB,19.71,19.75,19.70,19.75,0.01,0.05,"1,398",21.20,19.70,...,...,25.32,...
Galectin Therapeutics,GALT,5.43,5.78,5.41,5.72,0.33,6.12,"311,354",9.49,1.28,...,...,...,71.26
Galmed Pharmaceuticals,GLMD,14.50,14.50,14.15,14.28,-0.19,-1.31,"170,809",27.06,3.61,...,...,...,56.07
Genetic Technologies ADR,GENE,1.13,1.32,1.10,1.19,0.05,4.39,"478,852",2.05,0.75,...,...,...,2.59
Genius Brands International,GNUS,2.32,2.34,2.21,2.32,-0.03,-1.20,"13,665",3.80,1.89,...,...,...,-14.71
Genprex,GNPX,2.19,2.20,2.12,2.15,0.01,0.47,"15,304",19.45,2.06,...,...,...,...
Gevo,GEVO,3.76,3.86,3.64,3.81,0.06,1.60,"119,722",24.74,2.75,...,...,...,-67.73
GigaMedia,GIGM,2.91,2.92,2.85,2.90,-0.09,-3.01,"14,238",4.37,2.36,...,...,...,-4.60
Glen Burnie Bancorp,GLBZ,12.75,12.75,12.75,12.75,-0.04,-0.32,"110",13.55,10.55,0.40,3.14,35.42,15.35
Global Eagle Entertainment,ENT,2.82,2.98,2.79,2.85,0.05,1.79,"267,756",3.52,0.87,...,...,...,24.45
Globus Maritime,GLBS,0.42,0.45,0.42,0.44,0.02,4.79,"107,862",2.26,0.28,...,...,...,-61.42
Golden Bull,DNJR,8.06,8.34,7.68,7.68,-0.38,-4.71,"7,388",9.46,4.40,...,...,...,...
Good Times Restaurants,GTIM,4.58,4.61,4.52,4.55,-0.02,-0.44,"15,203",5.25,2.25,...,...,...,71.70
Gordon Pointe Acquisition Un,GPAQU,10.50,10.50,10.50,10.50,...,...,"1,000",10.50,9.97,...,...,...,...
Gores Holdings II Cl A,GSHT,10.88,10.88,10.70,10.72,-0.12,-1.11,"304,817",10.88,9.86,...,...,...,7.85
Gores Holdings III,GRSHU,10.15,10.21,10.15,10.21,0.01,0.10,"38,067",10.65,10.12,...,...,...,...
Gores Holdings II WT,GSHTW,2.70,2.70,2.25,2.40,0.05,2.09,"3,313",2.70,1.24,...,...,...,52.80
Green Brick Partners,GRBK,10.26,10.41,10.16,10.30,0.05,0.49,"113,049",12.50,8.93,...,...,19.07,-8.85
Greene County Bancorp,GCBC,32.00,32.00,31.11,31.11,-1.07,-3.33,"1,763",38.00,28.66,0.40,1.29,18.41,-4.57
Greenpro Capital,GRNQ,5.49,7.40,5.21,6.84,1.34,24.36,"40,798",23.00,2.53,...,...,...,14.00
Grupo Financiero Galicia ADR,GGAL,29.35,29.70,26.66,26.90,-0.93,-3.34,"1,558,090",73.45,18.30,0.36,1.34,6.86,-59.15
GSE Systems,GVP,3.44,3.50,3.26,3.31,-0.14,-4.06,"22,403",3.85,2.75,...,...,15.76,1.85
GTx,GTXI,1.41,1.44,1.32,1.37,-0.05,-3.52,"1,036,418",25.60,1.32,...,...,...,-89.22
GTY Technology Holdings Cl A,GTYH,10.14,10.14,10.13,10.13,0.01,0.10,"30,519",10.25,9.75,...,...,107.88,2.01
GTY Technology Holdings Un,GTYHU,10.53,10.53,10.53,10.53,-0.29,-2.68,"301",11.00,10.14,...,...,183.95,2.10
GTY Technology Holdings WT,GTYHW,1.30,1.30,1.29,1.30,...,...,"24,311",1.50,0.25,...,...,...,-3.70
GWG Holdings,GWGH,7.42,7.42,6.90,6.93,-0.57,-7.60,"8,047",13.10,5.85,...,...,...,-16.71
G. Willi-Food International,WILC,6.91,6.96,6.90,6.95,-0.03,-0.50,"4,342",7.36,5.11,...,...,9.87,-3.40
Hallador Energy,HNRG,6.32,6.48,6.21,6.29,-0.02,-0.32,"90,771",7.98,4.79,0.16,2.54,7.07,3.28
Hamilton Bancorp,HBK,14.30,14.30,14.25,14.26,-0.23,-1.60,"3,121",16.20,13.50,...,...,...,-7.43
Hancock Jaffe Laboratories,HJLI,2.61,3.09,2.61,2.99,0.42,16.34,"243,599",5.64,1.95,...,...,...,...
Hancock Jaffe Laboratories WT,HJLIW,0.70,0.70,0.53,0.70,-0.05,-7.11,"17,690",1.80,0.27,...,...,...,...
Haymaker Acquisition WT,HYACW,1.21,1.24,1.20,1.20,-0.10,-7.69,"46,400",1.30,0.45,...,...,...,50.00
Heat Biologics,HTBX,1.95,2.04,1.94,1.94,-0.06,-3.00,"112,594",7.89,1.09,...,...,...,-49.33
Helios&Matheson Analytics,HMNY,0.01,0.05,0.01,0.04,0.02,174.44,"387,147,377",9714.38,0.01,...,...,...,-100.00
Helius Medical Technologies,HSDT,9.00,9.33,9.00,9.07,-0.03,-0.33,"35,355",20.70,7.15,...,...,...,-26.39
Hennessy Advisors,HNNA,13.97,14.00,13.90,13.97,0.02,0.13,"3,680",20.00,12.95,0.40,2.86,5.44,-15.55
Heron Therapeutics,HRTX,31.04,32.13,30.61,32.01,1.22,3.96,"961,387",42.90,14.40,...,...,...,76.85
Heska,HSKA,108.76,108.76,105.95,106.30,-2.20,-2.03,"19,321",114.50,56.59,...,...,138.05,32.53
HF Foods Group,HFFG,14.67,15.00,14.67,15.00,-0.07,-0.46,"2,495",15.70,9.75,...,...,...,52.13
Highway Holdings,HIHO,4.00,4.09,4.00,4.05,0.02,0.62,"4,018",6.55,3.30,0.40,9.88,10.66,-3.57
Histogenics,HSGX,0.59,0.71,0.57,0.66,0.10,18.90,"3,904,827",3.35,0.51,...,...,...,-67.80
Home Federal Bancorp of Louisiana,HFBL,34.15,34.15,34.05,34.06,-0.04,-0.13,"2,907",37.30,26.35,0.56,1.64,18.40,21.08
HomeTown Bankshares,HMTA,14.98,15.22,14.91,15.10,0.06,0.40,"311,908",16.50,10.85,0.16,1.06,25.17,35.14
Hostess Brands Cl A,TWNK,10.86,11.00,10.74,10.83,0.04,0.37,"793,041",15.40,10.67,...,...,4.83,-26.87
Hostess Brands WT,TWNKW,0.98,1.06,0.98,1.02,0.04,4.08,"65,870",2.50,0.97,...,...,...,-56.22
Howard Bancorp,HBMD,16.42,17.33,16.34,17.17,0.35,2.08,"24,136",24.20,15.70,...,...,...,-21.95
HTG Molecular Diagnostics,HTGM,4.36,4.50,3.97,4.21,-0.16,-3.66,"985,329",5.83,1.70,...,...,...,107.39
Hudson Technologies,HDSN,1.16,1.20,1.14,1.15,-0.01,-0.86,"391,052",8.02,1.14,...,...,...,-81.05
Hunter Maritime Acquisition,HUNT,9.91,9.96,9.91,9.96,...,...,"200",9.96,9.68,...,...,304.59,2.05
Hunter Maritime Acquisition WT,HUNTW,0.22,0.22,0.21,0.22,-0.03,-11.96,"20,300",0.66,0.21,...,...,...,-26.88
Huttig Building Products,HBP,4.06,4.30,4.04,4.09,0.03,0.74,"73,884",7.75,3.50,...,...,...,-38.50
HV Bancorp,HVBC,15.25,15.50,15.25,15.50,0.25,1.64,"1,203",18.50,13.75,...,...,41.89,1.91
HyreCar,HYRE,2.60,2.74,2.59,2.67,0.07,2.69,"49,790",6.50,2.29,...,...,...,...
I-AM Capital Acquisition,IAM,9.00,9.00,5.95,6.46,-3.54,-35.41,"29,069",11.94,5.95,...,...,...,-34.56
I-AM Capital Acquisition Rt,IAMXR,0.48,0.48,0.41,0.47,-0.01,-2.76,"9,700",0.80,0.21,...,...,...,55.27
I-AM Capital Acquisition WT,IAMXW,0.35,0.35,0.28,0.30,-0.05,-14.20,"4,300",0.70,0.20,...,...,...,-9.00
icad,ICAD,3.04,3.13,3.00,3.10,0.13,4.38,"48,644",4.89,2.80,...,...,...,-9.88
ICC Holdings,ICCH,15.00,15.17,15.00,15.17,0.11,0.74,"312",17.90,14.54,...,...,60.70,-6.73
Ideal Power,IPWR,0.62,0.62,0.58,0.59,-0.01,-0.86,"43,124",2.85,0.57,...,...,...,-58.44
Identiv,INVE,5.92,6.20,5.75,6.15,0.06,0.99,"20,754",6.70,2.55,...,...,...,84.13
Idera Pharmaceuticals,IDRA,8.64,9.42,8.60,9.38,0.78,9.07,"331,679",22.96,5.20,...,...,...,-44.43
IF Bancorp,IROQ,22.74,23.00,22.50,22.50,-0.69,-2.99,"6,579",25.04,19.10,0.25,1.11,47.87,14.44
iFresh,IFMK,2.77,3.21,2.75,2.83,0.03,1.07,"42,587",18.00,1.69,...,...,...,-78.21
Ikonics,IKNX,11.00,12.10,11.00,11.75,0.75,6.82,"1,602",13.03,7.25,...,...,90.38,56.25
Image Sensing Systems,ISNS,5.80,5.80,5.65,5.65,...,...,"4,069",6.75,2.50,...,...,14.24,91.53
Immucell,ICCC,8.32,8.38,7.98,8.24,-0.21,-2.44,"7,251",9.25,6.50,...,...,...,-6.22
Immuron ADR,IMRN,9.02,9.19,8.98,9.19,0.21,2.33,"1,430",16.70,4.63,...,...,...,73.71
Imprimis Pharmaceuticals,IMMY,2.70,2.72,2.61,2.71,...,...,"33,613",3.39,1.35,...,...,...,59.41
IMV,IMV,5.78,5.78,5.67,5.67,-0.08,-1.45,"264",7.21,2.75,...,...,...,-5.30
Industrea Acquisition Cl A,INDU,10.19,10.21,10.19,10.21,-0.01,-0.10,"2,501",11.74,9.68,...,...,...,4.72
Industrea Acquisition Un,INDUU,11.20,11.20,11.20,11.20,0.07,0.63,"260,245",12.22,9.95,...,...,1555.56,11.44
Industrea Acquisition WT,INDUW,1.04,1.05,1.00,1.03,0.03,3.00,"117,500",1.09,0.36,...,...,...,144.71
Industrial Services of America,IDSA,2.24,2.24,2.16,2.23,-0.03,-1.33,"9,484",2.70,1.45,...,...,50.23,35.99
Infrastructure&Energy Alternatives,IEA,10.50,10.54,10.45,10.50,0.02,0.19,"33,661",11.27,8.25,...,...,...,5.86
Infrastructure&Energy Alternatives WT,IEAWW,1.65,1.67,1.65,1.65,...,...,"24,362",1.69,0.47,...,...,...,108.86
Innovate Biopharmaceuticals,INNT,6.61,6.66,6.23,6.45,0.06,0.94,"255,760",50.50,3.43,...,...,...,5.74
Inpixon,INPX,0.21,0.48,0.21,0.42,0.21,104.88,"53,665,357",18.30,0.10,...,...,...,-93.33
Insignia Systems,ISIG,1.78,1.86,1.76,1.80,0.02,1.12,"18,170",2.40,1.03,...,...,15.00,51.27
Inspired Entertainment,INSE,6.92,6.92,6.75,6.75,0.11,1.66,"3,873",13.55,4.40,...,...,...,-31.12
Intec Pharma,NTEC,5.24,5.50,5.02,5.20,-0.08,-1.52,"199,201",9.25,3.55,...,...,...,0.97
Integrated Media Technology,IMTE,9.75,9.75,8.05,8.37,-0.46,-5.16,"9,752",44.00,1.85,...,...,...,48.75
Intellipharmaceutics International,IPCI,2.73,2.73,2.28,2.33,-0.12,-4.90,"39,098",12.50,2.28,...,...,...,-70.88
Intergroup,INTG,34.80,34.80,34.80,34.80,-0.20,-0.57,"334",39.35,21.30,...,...,23.05,46.00
Interlink Electronics,LINK,4.07,4.07,3.66,3.74,-0.38,-9.23,"3,051",8.00,2.50,...,...,31.35,-28.35
International Money Express,IMXI,11.95,12.37,11.84,12.19,0.31,2.61,"238,135",12.37,9.06,...,...,...,22.89
International Money Express WT,IMXIW,2.70,2.70,2.65,2.70,0.20,8.00,"76,700",2.70,1.21,...,...,...,...
Interpace Diagnostics Group,IDXG,1.65,1.69,1.55,1.59,-0.07,-4.22,"526,117",1.80,0.77,...,...,...,55.88
InVivo Therapeutics Holdings,NVIV,2.06,2.07,1.93,2.00,-0.01,-0.50,"191,605",46.25,1.63,...,...,...,-89.61
iPass,IPAS,1.93,1.93,1.88,1.90,-0.03,-1.55,"24,357",7.61,1.76,...,...,...,-63.45
iPic Entertainment,IPIC,6.19,6.19,6.08,6.08,...,...,"3,769",17.00,5.91,...,...,...,...
iRadimed,IRMD,33.29,34.28,30.00,32.54,-0.81,-2.43,"263,237",38.78,9.75,...,...,147.91,114.79
Iteris,ITI,4.99,5.12,4.96,5.09,0.11,2.21,"43,891",8.17,4.08,...,...,...,-26.97
IZEA Worldwide,IZEA,1.52,1.56,1.45,1.55,0.03,1.97,"131,580",7.60,0.80,...,...,...,-65.71
Jaguar Health,JAGX,0.62,0.66,0.57,0.60,-0.04,-6.00,"4,143,538",6.60,0.50,...,...,...,-71.45
Jason Industries,JASN,3.42,3.50,3.25,3.43,...,...,"74,250",3.88,1.68,...,...,...,44.73
Jason Industries WT,JASNW,0.01,0.01,0.01,0.01,...,8.00,"7,100",0.05,0.01,...,...,...,-41.30
Jensyn Acquisition,JSYN,11.00,11.00,11.00,11.00,-0.05,-0.45,"500",11.44,10.10,...,...,...,6.80
Jensyn Acquisition Rt,JSYNR,0.28,0.28,0.27,0.27,-0.10,-27.03,"2,050",0.55,0.11,...,...,...,-28.00
Jerash Holdings (US),JRSH,6.37,6.39,6.06,6.39,-0.02,-0.31,"2,096",11.00,4.77,...,...,...,...
JetPay,JTPY,2.01,2.01,1.90,1.95,-0.08,-3.94,"28,215",4.89,1.60,...,...,...,-23.23
Jewett-Cameron Trading,JCTCF,9.20,9.20,9.01,9.20,0.11,1.21,"507",9.20,6.50,...,...,14.05,22.67
Joint,JYNT,8.74,8.78,8.70,8.78,0.08,0.92,"7,862",9.64,4.10,...,...,...,77.02
J.W. Mays,MAYS,39.15,39.40,38.90,39.40,0.55,1.42,"1,403",43.50,35.50,...,...,21.39,1.03
Kayne Anderson Acquisition Cl A,KAAC,10.21,10.30,10.21,10.24,0.04,0.37,"141,522",10.34,9.64,...,...,...,5.43
Kayne Anderson Acquisition WT,KAACW,1.39,1.50,1.39,1.50,0.11,7.91,"23,400",1.75,0.59,...,...,...,76.47
Kazia Therapeutics ADR,KZIA,3.05,3.08,3.00,3.01,0.01,0.33,"4,778",6.68,1.63,...,...,...,-5.34
KBL Merger IV Rt,KBLMR,0.46,0.46,0.46,0.46,...,...,"100",0.56,0.25,...,...,...,58.62
KBL Merger IV WT,KBLMW,0.20,0.20,0.20,0.20,-0.02,-9.09,"48,777",0.40,0.13,...,...,...,1.52
KBS Fashion Group,KBSF,3.84,3.87,3.80,3.82,0.02,0.53,"4,555",15.00,2.03,...,...,...,-7.73
Keryx Biopharmaceuticals,KERX,3.17,3.42,3.13,3.34,0.21,6.71,"1,124,944",8.07,2.78,...,...,...,-28.17
Kindred Biosciences,KIN,13.27,13.67,13.23,13.50,0.26,1.96,"203,795",15.75,6.80,...,...,...,42.86
Kingold Jewelry,KGJI,0.95,0.97,0.91,0.95,-0.02,-2.30,"26,130",2.50,0.85,...,...,0.95,-52.98
Kingstone,KINS,18.43,18.94,18.40,18.74,0.29,1.57,"21,894",21.70,13.21,0.40,2.13,33.46,-0.32
Kitov Pharma ADR,KTOV,1.71,1.74,1.70,1.73,0.06,3.59,"102,542",3.81,1.60,...,...,...,-24.12
Kitov Pharma WT,KTOVW,0.50,0.55,0.43,0.43,-0.17,-28.33,"54,064",1.10,0.40,...,...,...,-28.33
Koss,KOSS,2.73,2.93,2.70,2.87,0.13,4.77,"20,721",4.69,1.40,0.24,8.37,...,-7.26
Krystal Biotech,KRYS,17.66,17.84,16.10,16.40,-1.47,-8.22,"31,997",21.17,8.03,...,...,...,55.89
La Jolla Pharmaceutical,LJPC,19.32,19.61,18.92,19.43,0.22,1.15,"380,390",41.36,18.61,...,...,...,-39.62
Landcadia Holdings Cl A,LCA,12.04,12.36,11.91,11.97,-0.06,-0.50,"911,169",12.36,9.89,...,...,633.33,20.42
Landcadia Holdings Un,LCAHU,13.25,15.65,13.25,15.65,2.08,15.33,"2,507",15.65,9.65,...,...,...,48.76
Landcadia Holdings WT,LCAHW,1.60,1.68,1.60,1.64,0.04,2.50,"321,096",1.68,0.50,...,...,...,134.76
Lands' End,LE,16.16,16.16,15.13,15.53,-0.56,-3.48,"303,584",31.15,10.55,...,...,15.38,-20.56
Lantronix,LTRX,3.96,3.98,3.91,3.96,-0.02,-0.50,"109,060",6.47,1.78,...,...,132.00,96.04
Lazydays Holdings,LAZY,7.44,7.59,7.43,7.59,0.16,2.15,"1,045",11.66,7.14,...,...,...,-26.31
LCNB,LCNB,18.50,18.80,18.50,18.69,0.18,0.97,"22,257",22.84,17.93,0.64,3.42,15.71,-8.61
Leisure Acquisition Un,LACQU,10.18,10.22,10.15,10.20,0.02,0.20,"24,502",10.28,9.30,...,...,...,2.93
Leisure Acquisition WT,LACQW,1.04,1.05,1.04,1.04,-0.03,-2.80,"14,482",1.15,0.50,...,...,...,...
LF Capital Acquisition,LFACU,10.12,10.16,10.12,10.16,-0.02,-0.21,"2,500",10.18,8.04,...,...,...,...
LF Capital Acquisition WT,LFACW,0.55,0.55,0.55,0.55,-0.05,-8.33,"11,300",0.65,0.45,...,...,...,...
Lianluo Smart,LLIT,1.72,1.75,1.72,1.75,-0.05,-2.78,"682",3.69,1.26,...,...,...,-0.20
Lifevantage,LFVN,10.78,11.33,10.76,11.31,0.52,4.82,"80,420",13.29,3.20,...,...,27.59,137.61
Lightbridge,LTBR,0.94,0.98,0.90,0.91,-0.05,-5.24,"397,963",4.80,0.85,...,...,...,-25.44
Lightpath Technologies Cl A,LPTH,2.00,2.01,1.99,1.99,-0.01,-0.50,"111,557",4.10,1.94,...,...,49.75,-10.36
Limbach Holdings,LMB,11.20,11.48,10.90,11.07,0.42,3.94,"34,160",15.22,9.25,...,...,...,-19.96
Limestone Bancorp,LMST,15.80,15.99,15.80,15.99,0.27,1.72,"301",17.65,11.45,...,...,2.59,11.66
Lindblad Expeditions Holdings,LIND,14.88,14.95,14.75,14.84,-0.04,-0.27,"123,332",15.88,8.66,...,...,179.01,51.58
Lindblad Expeditions Holdings WT,LINDW,4.04,4.06,4.00,4.00,...,...,"91,029",4.50,1.25,...,...,...,189.86
Lipocine,LPCN,1.39,1.41,1.38,1.38,...,...,"22,926",4.38,1.03,...,...,...,-59.88
Liquidia Technologies,LQDA,30.06,35.62,30.00,33.91,3.91,13.03,"148,010",35.62,10.52,...,...,...,...
Liquid Media Group,YVR,0.78,0.81,0.77,0.81,0.05,5.93,"109,395",3.75,0.75,...,...,...,-50.61
Live Ventures,LIVE,8.02,8.09,7.84,8.03,-0.09,-1.11,"8,105",26.50,7.82,...,...,4.32,-49.75
LiveXLive Media,LIVX,3.71,3.83,3.60,3.79,0.10,2.71,"58,265",11.11,3.43,...,...,...,-13.86
LM Funding America,LMFA,0.55,0.56,0.53,0.53,...,0.11,"136,125",6.65,0.35,...,...,...,-66.42
Longevity Acquisition Un,LOACU,10.20,10.25,10.20,10.24,-0.01,-0.10,"139,085",10.99,10.00,...,...,...,...
LRAD,LRAD,3.02,3.06,3.00,3.01,-0.01,-0.33,"34,509",3.58,1.86,0.04,1.33,...,20.88
Luna Innovations,LUNA,3.23,3.27,3.22,3.25,0.03,0.93,"26,442",4.32,1.47,...,...,72.22,33.74
Mackinac Financial,MFNC,15.92,16.12,15.92,16.12,0.47,3.00,"2,165",17.58,14.50,0.48,2.98,26.13,1.38
Madrigal Pharmaceuticals,MDGL,211.34,222.29,208.00,215.54,5.46,2.60,"190,048",325.98,38.82,...,...,...,134.82
MagneGas,MNGA,0.65,0.68,0.33,0.43,0.18,74.61,"159,896,430",9.30,0.13,...,...,...,-91.15
MAM Software Group,MAMS,7.75,7.85,7.51,7.85,0.06,0.77,"11,757",9.42,6.73,...,...,30.19,4.53
Manhattan Bridge Capital,LOAN,6.45,6.45,6.30,6.44,0.04,0.63,"31,544",8.00,5.50,0.48,7.45,14.00,8.33
Manitex International,MNTX,9.81,10.19,9.52,9.75,-0.06,-0.61,"18,165",13.26,7.28,...,...,...,1.56
Marathon Patent Group,MARA,0.68,0.69,0.65,0.67,-0.02,-2.50,"757,822",10.03,0.65,...,...,...,-83.66
Marine Petroleum Trust Un,MARPS,3.60,3.60,3.40,3.43,-0.07,-2.09,"2,296",4.85,2.83,0.36,10.52,10.39,0.80
Marrone Bio Innovations,MBII,1.82,1.86,1.78,1.82,-0.01,-0.55,"106,037",3.39,0.85,...,...,...,65.45
Matlin&Partners Acquisition Cl A,MPAC,10.07,10.07,10.05,10.05,0.03,0.33,"580",10.32,9.70,...,...,...,3.00
Medical Transcription Billing,MTBC,5.25,5.40,5.17,5.26,-0.04,-0.75,"99,324",5.49,2.11,...,...,...,101.53
Medigus ADR,MDGS,3.50,3.50,3.23,3.30,-0.01,-0.30,"59,007",12.70,2.81,...,...,...,-37.50
Medigus WT,MDGSW,0.63,0.71,0.62,0.71,-0.04,-5.33,"2,272",0.99,0.41,...,...,...,...
Meet Group,MEET,4.85,5.01,4.79,4.90,0.05,1.03,"503,373",5.35,1.84,...,...,...,73.76
MEI Pharma,MEIP,3.95,4.06,3.90,3.95,...,...,"218,327",5.14,1.79,...,...,...,88.10
Merchants Bancorp,MBIN,24.50,24.83,24.27,24.44,-0.05,-0.20,"40,447",29.15,16.27,0.24,0.98,11.72,24.19
MER Telemanagement Solutions,MTSL,1.68,1.80,1.64,1.72,0.02,1.18,"238,514",6.45,0.99,...,...,...,-18.48
Microbot Medical,MBOT,6.90,8.30,6.90,7.30,0.43,6.26,"161,357",22.80,5.47,...,...,...,-52.29
MICT,MICT,1.15,1.15,1.06,1.07,-0.01,-1.33,"18,878",1.94,0.65,...,...,...,-4.86
Midatech Pharma ADR,MTP,0.60,0.60,0.56,0.59,-0.03,-4.54,"22,425",2.65,0.45,...,...,...,-29.55
Middlefield Banc,MBCN,46.95,47.35,46.95,47.31,0.29,0.62,"2,516",54.90,42.95,1.12,2.37,14.52,-1.85
Mid-Southern Bancorp,MSVB,13.00,13.00,12.68,12.77,0.12,0.95,"1,848",14.00,8.51,...,...,...,33.46
MiMedx Group,MDXG,6.20,6.78,6.20,6.35,0.14,2.25,"2,616,419",18.25,3.00,...,...,...,-49.64
Miragen Therapeutics,MGEN,5.22,5.58,5.15,5.49,0.27,5.17,"99,807",10.70,5.01,...,...,...,-47.36
Mitek Systems,MITK,6.77,7.06,6.76,7.01,0.28,4.16,"169,112",10.10,6.63,...,...,100.14,-21.68
MMA Capital Management,MMAC,25.74,26.00,25.70,26.00,0.23,0.87,"1,962",30.57,23.70,...,...,9.77,7.00
Modern Media Acquisition,MMDM,10.07,10.10,10.07,10.10,...,...,"1,550",10.24,9.72,...,...,253.77,3.06
Modern Media Acquisition Un,MMDMU,10.80,10.80,10.80,10.80,-0.05,-0.46,"1,000",11.00,10.35,...,...,...,2.74
Mogo Finance Technology,MOGO,2.85,3.04,2.85,2.94,0.11,3.80,"1,753",6.85,2.21,...,...,...,-39.44
Molecular Templates,MTEM,5.58,5.72,5.55,5.59,0.03,0.54,"191,829",13.25,4.00,...,...,...,-44.21
Moleculin Biotech,MBRX,1.59,1.60,1.56,1.58,-0.01,-0.63,"56,053",3.34,1.50,...,...,...,-15.05
Monaker Group,MKGI,1.94,1.95,1.85,1.95,...,...,"4,649",7.95,1.47,...,...,...,-66.09
MoSys,MOSY,0.27,0.27,0.24,0.27,...,1.88,"3,126,885",2.23,0.24,...,...,...,-76.04
Motif Bio ADR,MTFB,8.70,8.72,8.70,8.72,0.02,0.21,"957",13.75,7.90,...,...,...,-19.36
Motus GI Holdings,MOTS,4.86,4.99,4.71,4.82,-0.14,-2.82,"65,465",10.66,3.75,...,...,...,...
Moxian,MOXC,0.88,0.95,0.80,0.94,0.11,13.16,"186,973",4.00,0.75,...,...,...,-75.58
MTech Acquisition Cl A,MTEC,10.20,10.25,10.20,10.25,-0.01,-0.10,"10,227",11.80,9.17,...,...,...,...
MTech Acquisition WT,MTECW,1.49,1.49,1.49,1.49,0.01,0.50,"1,000",1.49,0.60,...,...,...,...
Mudrick Capital Acquisition WT,MUDSW,0.66,0.66,0.66,0.66,0.01,1.54,"100",1.50,0.56,...,...,...,...
MVB Financial,MVBF,19.37,19.90,19.34,19.53,0.33,1.72,"11,397",20.40,15.36,0.12,0.61,24.25,-2.84
MYnd Analytics,MYND,1.56,1.63,1.51,1.62,0.06,3.85,"37,449",5.05,1.15,...,...,...,-52.35
MYOS RENS Technology,MYOS,1.27,1.27,1.21,1.23,-0.02,-1.51,"25,459",2.50,1.03,...,...,...,-9.15
My Size,MYSZ,1.06,1.11,1.05,1.09,0.07,6.86,"430,687",3.58,0.57,...,...,...,68.24
Naked Brand Group,NAKD,2.44,2.46,2.27,2.45,0.04,1.66,"48,519",11.36,1.11,...,...,...,68.97
Nano Dimension ADR,NNDM,2.05,2.06,1.95,2.03,-0.01,-0.49,"78,770",5.79,1.21,...,...,...,-33.88
NanoVibronix,NAOV,4.64,4.64,4.50,4.50,-0.05,-1.10,"300",5.00,3.68,...,...,...,-3.85
National Bankshares,NKSH,45.59,47.27,45.50,47.25,1.60,3.50,"2,130",49.75,37.55,1.16,2.46,23.28,3.96
National Energy Services Reunited,NESR,11.75,11.75,11.33,11.33,-0.17,-1.48,"47,786",14.38,9.51,...,...,...,13.87
National Holdings,NHLD,3.20,3.20,3.15,3.16,-0.06,-1.86,"13,118",6.26,2.08,...,...,...,-4.24
Natural Health Trends,NHTC,22.83,22.94,22.18,22.70,-0.12,-0.53,"19,930",27.23,14.15,0.60,2.64,12.40,49.44
Nature's Sunshine Products,NATR,8.83,8.83,8.50,8.63,0.06,0.70,"8,930",13.80,7.55,0.40,4.63,...,-25.28
Nemaura Medical,NMRD,2.31,2.31,2.19,2.25,-0.08,-3.43,"71,592",6.80,2.05,...,...,...,-55.88
NeoGenomics,NEO,14.62,14.93,14.50,14.64,0.04,0.27,"303,781",15.63,7.08,...,...,...,65.24
Neonode,NEON,3.24,3.27,2.64,3.05,-0.22,-6.73,"247,964",14.00,2.50,...,...,...,-58.96
Neovasc,NVCN,3.11,3.35,2.51,2.67,0.42,18.67,"6,235,253",175.50,2.14,...,...,...,-95.55
Neptune Wellness Solutions,NEPT,4.23,4.44,4.03,4.10,-0.13,-3.07,"2,472,436",5.14,0.82,...,...,26.89,73.73
Net Element,NETE,5.00,5.00,4.54,4.68,-0.07,-1.47,"55,436",33.51,3.47,...,...,...,-57.95
NetSol Technologies,NTWK,7.12,7.29,6.86,7.29,0.17,2.39,"135,984",7.29,3.08,...,...,19.18,54.80
Neuralstem,CUR,1.13,1.19,1.08,1.09,-0.03,-2.44,"49,677",3.09,0.88,...,...,...,-36.47
NeuroMetrix,NURO,1.36,1.37,1.32,1.36,-0.01,-0.73,"61,132",2.96,1.11,...,...,...,-21.34
Neurotrope,NTRP,8.33,8.89,8.33,8.54,-0.28,-3.17,"3,957",11.93,3.97,...,...,...,21.31
New Age Beverages,NBEV,7.01,8.50,6.50,8.11,0.81,11.10,"47,218,506",9.99,1.30,...,...,...,273.73
Newater Technology,NEWA,9.74,10.15,9.59,10.07,0.41,4.24,"41,147",29.69,7.86,...,...,11.09,7.24
Nexeo Solutions,NXEO,12.27,12.34,12.18,12.33,0.10,0.82,"689,725",12.52,7.17,...,...,16.22,35.49
Nexeo Solutions Un,NXEOU,13.00,13.00,13.00,13.00,-0.05,-0.38,"1,000",13.90,7.35,...,...,...,35.14
Nexeo Solutions WT,NXEOW,1.02,1.03,1.00,1.02,0.02,2.00,"989,144",1.05,0.40,...,...,...,63.51
NextDecade,NEXT,5.50,5.60,5.46,5.53,0.01,0.18,"27,216",10.48,3.95,...,...,...,-33.53
NF Energy Saving,NFEC,4.30,4.34,4.02,4.08,-0.30,-6.85,"17,890",7.19,0.83,...,...,...,320.62
Nicolet Bankshares,NCBS,54.33,54.90,54.08,54.80,0.70,1.29,"16,119",61.89,51.22,...,...,14.77,0.11
NI Holdings,NODK,17.10,17.10,16.94,17.04,-0.09,-0.53,"3,013",18.61,15.72,...,...,21.85,0.35
Nortech Systems,NSYS,4.08,4.21,4.08,4.21,0.10,2.32,"5,085",8.08,2.77,...,...,...,8.94
Novume Solutions,NVMM,1.21,1.40,1.21,1.40,0.15,11.79,"7,066",5.50,1.12,...,...,...,-71.48
Novus Therapeutics,NVUS,4.43,4.54,4.43,4.52,0.07,1.57,"41,655",8.61,3.12,...,...,...,11.33
NV5 Global,NVEE,83.79,83.79,82.62,83.00,-0.49,-0.59,"80,737",92.75,40.01,...,...,30.86,53.28
NVE,NVEC,102.86,102.86,100.08,100.95,-1.75,-1.70,"9,504",135.00,68.50,4.00,3.96,33.65,17.38
Nxt-ID,NXTD,1.27,1.28,1.22,1.24,...,0.36,"91,304",8.59,1.01,...,...,...,-64.57
Nxt-ID WT,NXTDW,0.08,0.08,0.08,0.08,...,...,"10,000",3.42,0.06,...,...,...,-88.06
Nymox Pharmaceutical,NYMX,2.34,2.93,2.26,2.53,0.19,8.12,"536,839",4.60,2.26,...,...,...,-23.33
Oak Valley Bancorp,OVLY,19.67,20.48,19.18,20.26,0.52,2.63,"10,235",25.65,16.27,0.26,1.28,17.17,3.68
Oasmia Pharmaceutical ADR,OASM,3.72,3.89,3.65,3.65,0.08,2.24,"73,105",5.70,0.80,...,...,...,314.77
Ocean Bio-Chem,OBCI,4.20,4.25,4.14,4.20,0.10,2.44,"15,674",5.59,3.26,...,...,14.00,-3.23
Ocean Power Technologies,OPTT,0.67,0.67,0.62,0.66,0.04,6.36,"162,601",2.54,0.46,...,...,...,-39.95
Odyssey Marine Exploration,OMEX,8.10,8.28,8.03,8.23,0.11,1.35,"6,085",13.75,3.17,...,...,...,118.30
Ohr Pharmaceutical,OHRP,0.26,0.28,0.21,0.26,0.04,17.68,"4,572,309",2.18,0.15,...,...,...,-86.08
Old Line Bancshares,OLBK,30.94,31.52,30.81,31.47,0.61,1.98,"30,007",35.72,26.98,0.40,1.27,24.40,6.90
Old Point Financial,OPOF,28.02,28.82,27.05,28.40,0.54,1.94,"21,552",34.64,24.07,0.44,1.55,...,-4.54
Oncobiologics,ONS,1.01,1.01,0.94,0.94,-0.07,-6.93,"40,473",1.70,0.78,...,...,...,-27.69
Oncolytics Biotech,ONCY,4.05,4.33,4.00,4.05,-0.07,-1.70,"86,579",7.40,3.77,...,...,...,29.19
Onconova Therapeutics,ONTX,6.74,6.75,6.44,6.62,-0.12,-1.71,"97,320",42.45,4.96,...,...,...,-70.60
OncoSec Medical,ONCS,1.46,1.58,1.40,1.55,0.10,6.90,"1,932,173",2.95,0.94,...,...,...,-4.62
ONE Group Hospitality,STKS,3.48,3.51,3.40,3.40,-0.05,-1.45,"15,987",3.60,1.31,...,...,...,42.26
One Horizon Group,OHGI,0.18,0.22,0.18,0.22,0.06,33.50,"7,617,275",3.38,0.16,...,...,...,-84.29
OneSpan,OSPN,19.03,19.35,18.84,19.08,0.11,0.58,"198,740",25.45,11.55,...,...,...,37.27
One Stop Systems,OSS,3.77,3.99,3.72,3.80,0.14,3.68,"56,731",6.25,3.17,...,...,...,...
On Track Innovations,OTIV,0.93,0.98,0.92,0.95,0.02,2.16,"32,361",2.94,0.88,...,...,...,-30.13
Opes Acquisition,OPES,9.83,9.85,9.83,9.85,...,...,"1,300",9.98,9.66,...,...,...,...
OpGen,OPGN,2.00,2.00,1.90,1.99,0.01,0.51,"103,017",10.25,1.62,...,...,...,-57.39
Opiant Pharmaceuticals,OPNT,17.91,20.00,17.56,18.62,0.55,3.04,"162,316",48.00,12.75,...,...,...,-18.94
OptimizeRx,OPRX,17.56,17.69,17.10,17.69,-0.02,-0.11,"44,100",18.39,3.36,...,...,...,275.58
OptimumBank Holdings,OPHC,5.17,5.30,5.02,5.27,0.17,3.38,"4,015",13.96,1.85,...,...,5.32,12.13
Oramed Pharmaceuticals,ORMP,4.75,4.85,4.73,4.84,0.11,2.28,"11,911",11.34,4.60,...,...,...,-46.22
Orgenesis,ORGS,7.00,9.25,6.80,7.17,0.72,11.16,"1,119,599",16.80,2.76,...,...,...,24.59
Orion Energy Systems,OESX,1.04,1.18,1.03,1.15,0.09,8.71,"257,675",1.25,0.70,...,...,...,30.68
Orrstown Financial Services,ORRF,24.20,24.50,23.58,24.16,0.08,0.33,"16,263",27.05,23.00,0.52,2.15,19.16,-4.32
Ossen Innovation ADR,OSN,2.04,2.09,2.01,2.02,-0.03,-1.46,"13,539",8.90,1.65,...,...,2.46,-29.86
Otelco Cl A,OTEL,17.05,17.50,17.02,17.50,...,...,"3,786",17.75,9.45,...,...,4.34,31.09
Ottawa Bancorp,OTTW,14.00,14.00,13.94,13.99,0.04,0.29,"7,197",14.85,13.61,0.20,1.43,52.65,-3.12
Oxbridge Re Holdings,OXBR,1.84,1.84,1.56,1.70,-0.03,-1.80,"50,977",4.22,1.00,0.48,28.25,...,-20.98
Oxbridge Re Holdings WT,OXBRW,0.06,0.06,0.05,0.06,-0.03,-38.11,"600",0.40,0.02,...,...,...,-44.30
Pacific Ethanol,PEIX,2.15,2.30,2.11,2.16,0.09,4.35,"480,096",6.00,1.55,...,...,...,-52.53
Pain Therapeutics,PTIE,1.21,2.99,1.21,2.90,1.94,200.55,"57,362,822",12.80,0.81,...,...,...,-27.50
Pangaea Logistics Solutions,PANL,3.56,3.69,3.56,3.60,0.02,0.56,"9,324",8.40,2.13,...,...,7.35,-2.17
Park City Group,PCYG,9.55,9.84,9.55,9.69,0.13,1.36,"30,140",12.50,6.75,...,...,64.60,1.47
Parke Bancorp,PKBK,22.53,22.53,22.01,22.36,0.40,1.82,"8,030",24.80,17.39,0.56,2.50,14.85,19.69
Pathfinder Bancorp,PBHC,15.07,15.35,15.05,15.35,0.30,1.99,"1,822",16.64,15.00,0.24,1.56,17.35,-0.32
PAVmed,PAVM,1.28,1.30,1.24,1.29,0.01,0.57,"270,674",5.99,0.87,...,...,...,-43.67
PAVmed WT Z,PAVMZ,0.38,0.40,0.25,0.37,-0.02,-5.57,"501,571",1.30,0.23,...,...,...,...
Payment Data Systems,PYDS,1.77,1.81,1.68,1.76,...,...,"24,304",4.10,1.35,...,...,...,-30.43
PCSB Financial,PCSB,19.96,20.19,19.95,20.07,0.02,0.10,"35,904",22.34,18.14,0.12,0.60,51.45,5.35
pdvWireless,PDVW,35.36,36.16,35.06,36.02,0.73,2.07,"32,087",39.75,22.50,...,...,...,12.21
Pensare Acquisition,WRLS,10.00,10.00,9.96,9.96,-0.02,-0.20,"227",10.17,7.75,...,...,...,3.00
Pensare Acquisition WT,WRLSW,0.50,0.50,0.50,0.50,...,...,"12,000",0.68,0.40,...,...,...,-9.09
People's Utah Bancorp,PUB,32.94,33.41,32.56,33.31,0.54,1.65,"29,178",38.70,29.05,0.44,1.32,23.79,9.93
Perma-Fix Environmental Services,PESI,4.17,4.18,4.16,4.16,-0.22,-5.02,"3,459",5.15,3.29,...,...,...,13.97
PFSweb,PFSW,7.13,7.21,7.05,7.12,...,...,"14,781",11.86,5.90,...,...,64.73,-4.17
Piedmont Lithium ADR,PLLL,10.24,10.24,10.22,10.22,-0.83,-7.51,"907",19.00,10.00,...,...,...,-34.82
Pieris Pharmaceuticals,PIRS,5.24,5.37,5.13,5.35,0.12,2.29,"359,689",9.75,4.43,...,...,...,-29.14
Pingtan Marine Enterprise,PME,2.26,2.30,2.26,2.30,0.02,0.88,"14,127",4.20,2.21,0.04,1.74,12.11,-24.59
Pioneer Power Solutions,PPSI,4.52,4.94,4.52,4.94,0.04,0.82,"217",7.95,4.40,...,...,...,-35.10
Platinum Eagle Acquisition,EAGLU,10.16,10.40,10.16,10.40,0.02,0.19,"1,454",11.00,8.00,...,...,221.28,...
Platinum Eagle Acquisition Cl A,EAGL,9.82,9.85,9.82,9.85,0.02,0.20,"55,200",11.82,9.60,...,...,...,...
Platinum Eagle Acquisition WT,EAGLW,1.31,1.34,1.31,1.34,-0.01,-0.74,"2,100",2.13,1.05,...,...,...,...
Plug Power,PLUG,1.90,1.92,1.88,1.90,...,...,"1,871,843",3.21,1.53,...,...,...,-19.49
Plumas Bancorp,PLBC,24.95,24.95,24.75,24.80,-0.08,-0.32,"2,192",29.45,20.35,0.36,1.45,12.53,6.90
Pluristem Therapeutics,PSTI,1.28,1.29,1.23,1.25,-0.03,-2.34,"299,289",2.12,1.14,...,...,...,-9.42
PLx Pharma,PLXP,3.96,4.14,3.96,4.08,-0.13,-2.98,"3,042",9.41,3.05,...,...,...,-40.93
Poage Bankshares,PBSK,23.81,25.38,23.79,25.38,0.34,1.36,"5,595",27.75,18.10,0.24,0.95,...,20.86
Pointer Telocation,PNTR,12.73,12.80,12.46,12.60,-0.27,-2.10,"7,627",19.65,10.25,...,...,6.24,-32.26
Points International,PCOM,13.91,14.01,13.70,13.91,-0.01,-0.07,"324,121",18.48,9.31,...,...,34.77,35.18
PolarityTE,PTE,18.18,19.59,17.73,17.90,-0.08,-0.44,"819,940",41.22,15.21,...,...,...,-22.88
Polar Power,POLA,5.55,5.75,5.55,5.75,0.22,3.98,"18,217",6.85,4.01,...,...,...,14.77
Prana Biotechnology ADR,PRAN,1.95,2.25,1.87,2.24,0.26,12.89,"144,975",3.79,1.75,...,...,...,-28.36
Precipio,PRPO,0.42,0.45,0.39,0.40,-0.00,-0.23,"3,279,637",2.65,0.32,...,...,...,-67.08
Precision Therapeutics,AIPT,1.00,1.04,1.00,1.01,...,0.50,"41,812",2.50,0.81,...,...,...,0.50
Presbia,LENS,1.76,1.90,1.66,1.72,0.04,2.38,"8,367",7.14,1.55,...,...,...,-54.50
Priority Technology Holdings,PRTH,10.00,10.48,10.00,10.40,0.40,4.00,"1,621",12.99,8.34,...,...,...,2.06
Pro-Dex,PDEX,10.00,10.75,9.94,10.12,0.01,0.10,"15,181",13.40,6.05,...,...,26.63,48.82
Professional Diversity Network,IPDN,2.91,3.10,2.91,3.05,0.15,5.17,"2,622",6.63,2.45,...,...,...,-25.43
Profire Energy,PFIE,3.33,3.33,3.25,3.28,-0.05,-1.50,"91,780",5.30,1.40,...,...,27.33,70.83
ProPhase Labs,PRPH,2.96,3.00,2.96,2.98,-0.02,-0.68,"2,107",6.64,2.03,...,...,...,37.33
Provention Bio,PRVB,3.98,3.99,3.80,3.92,-0.08,-2.00,"30,982",8.00,3.35,...,...,...,...
Provident Bancorp,PVBC,28.10,29.25,27.81,28.54,0.81,2.92,"21,544",30.80,20.51,...,...,29.42,7.90
Psychemedics,PMD,18.85,18.99,18.70,18.99,0.14,0.74,"10,906",22.88,15.99,0.72,3.79,17.11,-7.64
Pulse Biosciences,PLSE,14.40,14.81,14.15,14.22,-0.12,-0.84,"37,650",34.82,12.51,...,...,...,-39.75
Pure Acquisition,PACQU,10.37,10.37,10.35,10.35,-0.03,-0.24,"432,596",10.39,10.08,...,...,...,...
Pure Acquisition Cl A,PACQ,9.69,9.69,9.68,9.68,-0.01,-0.10,"958,205",9.77,9.59,...,...,...,...
Pure Acquisition WT,PACQW,1.36,1.36,1.36,1.36,0.01,0.74,"201,000",1.40,1.10,...,...,...,...
Pure Cycle,PCYO,11.35,11.36,11.10,11.27,-0.07,-0.62,"10,698",11.74,6.65,...,...,...,34.97
Purple Innovation,PRPL,5.70,5.70,5.40,5.67,0.08,1.34,"30,361",13.90,5.04,...,...,...,-43.53
Pyxis Tankers,PXS,0.93,0.96,0.88,0.93,-0.00,-0.13,"38,942",12.22,0.74,...,...,...,-71.16
Qualstar,QBAK,7.72,7.92,7.61,7.61,-0.14,-1.81,"6,823",13.50,6.23,...,...,9.88,-9.40
Quest Resource Holding,QRHC,2.94,2.94,2.50,2.50,-0.44,-14.97,"67,001",2.99,1.08,...,...,...,8.70
Qumu,QUMU,2.67,2.84,2.67,2.83,0.09,3.14,"11,474",3.28,1.42,...,...,...,19.24
Rada Electronic Industries,RADA,2.85,2.93,2.83,2.89,0.02,0.70,"89,892",3.86,1.77,...,...,46.99,-6.17
RADCOM,RDCM,11.05,11.41,11.05,11.16,0.02,0.18,"61,483",22.40,11.00,...,...,32.82,-43.78
Rave Restaurant Group,RAVE,1.50,1.50,1.42,1.46,...,...,"11,633",2.33,1.09,...,...,11.99,-0.21
Reading International,RDI,15.61,15.85,15.46,15.61,0.05,0.32,"77,718",17.50,14.37,...,...,21.09,-6.53
Reading International Cl B,RDIB,32.64,32.64,30.93,32.30,3.80,13.33,"1,026",34.64,20.10,...,...,43.65,40.43
Real Goods Solar Cl A,RGSE,0.36,0.36,0.32,0.34,-0.01,-3.46,"3,244,851",3.25,0.30,...,...,...,-77.16
Realm Therapeutics ADR,RLM,2.65,2.65,2.44,2.50,-0.14,-5.31,"5,970",13.00,2.44,...,...,...,...
Recon Technology,RCON,1.17,1.21,1.15,1.18,0.02,1.72,"157,587",5.36,1.01,...,...,...,-9.23
Recro Pharma,REPH,7.21,7.47,7.05,7.13,-0.04,-0.56,"201,934",13.05,4.78,...,...,...,-22.92
Red Violet,RDVT,6.46,6.56,6.35,6.41,0.06,0.94,"24,282",46.40,4.35,...,...,...,...
Reliant Bancorp,RBNC,24.37,24.92,24.10,24.69,0.85,3.57,"5,925",30.00,21.90,0.32,1.30,28.38,-3.71
Reliv International,RELV,4.97,4.97,4.97,4.97,...,0.05,"132",8.44,3.72,...,...,...,4.24
Remark Holdings,MARK,2.85,2.85,2.55,2.63,-0.22,-7.72,"520,512",15.10,2.55,...,...,...,-72.97
Renmin Tianli Group,ABAC,1.94,1.99,1.90,1.98,0.15,8.20,"8,489",4.76,1.50,...,...,18.00,-32.88
Research Frontiers,REFR,1.77,1.95,1.69,1.80,0.04,2.27,"450,701",1.95,0.59,...,...,...,73.08
ReShape Lifesciences,RSLS,0.05,0.05,0.04,0.05,...,5.59,"6,302,033",31.80,0.04,...,...,...,-99.78
Resonant,RESN,3.71,3.87,3.53,3.53,-0.18,-4.85,"115,093",8.55,3.17,...,...,...,-52.74
ReTo Eco-Solutions,RETO,3.67,3.71,3.33,3.41,-0.24,-6.58,"10,631",12.75,3.13,...,...,12.88,-51.63
Reven Housing REIT,RVEN,4.23,4.26,4.15,4.20,-0.08,-1.83,"10,512",4.97,2.32,...,...,...,-9.46
Revolution Lighting Technologies,RVLT,2.66,2.69,2.61,2.63,-0.06,-2.23,"81,236",6.64,2.18,...,...,...,-20.06
ReWalk Robotics,RWLK,0.91,0.91,0.89,0.90,-0.01,-1.03,"55,784",1.60,0.70,...,...,...,-18.10
RiceBran Technologies,RIBT,2.80,2.88,2.75,2.79,0.04,1.45,"61,301",3.46,1.15,...,...,...,88.50
RiceBran Technologies WT,RIBTW,0.11,0.17,0.11,0.17,0.02,13.27,"357",0.30,0.02,...,...,...,69.90
Riot Blockchain,RIOT,3.46,3.47,3.30,3.43,0.01,0.35,"312,847",46.20,3.30,...,...,...,-87.92
Ritter Pharmaceuticals,RTTR,1.96,2.10,1.90,2.09,0.12,6.09,"96,422",4.15,1.55,...,...,...,-36.55
RLJ Entertainment,RLJE,6.20,6.21,6.20,6.20,-0.01,-0.16,"4,641",6.34,3.13,...,...,...,68.52
RMR Group Cl A,RMR,90.18,90.56,85.47,89.18,-0.85,-0.94,"79,474",98.00,51.10,1.00,1.12,15.54,50.39
Rosehill Resources Cl A,ROSE,6.00,6.25,5.95,6.19,0.22,3.69,"577,290",10.84,5.75,...,...,...,-21.25
Rosehill Resources WT,ROSEW,1.01,1.05,1.01,1.05,-0.05,-4.55,"11,630",1.73,0.71,...,...,...,6.06
Rubicon Technology,RBCN,9.12,9.12,9.09,9.09,0.09,1.00,"2,749",9.46,6.76,...,...,...,13.91
RumbleON Cl B,RMBL,10.20,10.61,10.04,10.56,0.32,3.13,"95,685",10.98,3.53,...,...,...,103.27
RXi Pharmaceuticals,RXII,0.60,0.60,0.55,0.57,-0.01,-2.36,"633,457",7.70,0.55,...,...,...,-89.74
RXi Pharmaceuticals WT,RXIIW,0.11,0.11,0.11,0.11,-0.14,-55.48,"1,000",1.90,0.11,...,...,...,-91.44
Saban Capital Acquisition,SCAC,10.12,10.14,10.11,10.14,0.02,0.22,"14,400",10.18,9.84,...,...,699.31,2.32
SAExploration Holdings,SAEX,10.58,11.26,9.70,10.69,0.40,3.89,"49,920",73.80,5.40,...,...,...,-75.70
Sapiens International,SPNS,12.46,12.65,12.27,12.33,0.23,1.90,"33,664",14.46,11.27,...,...,56.05,...
SB Financial Group,SBFG,20.34,20.40,20.23,20.23,-0.27,-1.32,"1,252",20.53,16.60,0.32,1.58,11.19,9.41
Schmitt Industries,SMIT,2.77,2.84,2.77,2.84,0.08,2.90,"14,857",4.47,1.74,...,...,52.52,3.70
Seanergy Maritime Holdings,SHIP,0.91,0.91,0.89,0.91,0.01,1.04,"40,844",1.66,0.70,...,...,...,-12.98
Seanergy Maritime Holdings WT,SHIPW,0.08,0.08,0.08,0.08,-0.01,-6.25,"23,100",0.34,0.06,...,...,...,-63.50
Sears Hometown&Outlet Stores,SHOS,2.86,2.94,2.81,2.94,0.09,3.30,"10,578",3.95,1.38,...,...,...,13.08
Second Sight Medical Products,EYES,1.75,1.79,1.73,1.76,...,...,"119,888",2.58,1.05,...,...,...,-7.85
Second Sight Medical Products WT,EYESW,0.34,0.39,0.25,0.39,0.03,7.86,"495,135",1.66,0.22,...,...,...,-53.77
Select Interior Concepts Cl A,SIC,10.45,10.50,10.35,10.35,-0.05,-0.48,"10,660",13.00,9.65,...,...,...,...
SELLAS Life Sciences Group,SLS,1.60,1.72,1.31,1.58,-0.07,-4.24,"3,667,720",13.08,0.80,...,...,...,-79.90
SemiLEDS,LEDS,4.22,4.39,4.15,4.34,0.16,3.83,"81,236",10.49,1.95,...,...,...,16.35
SenesTech,SNES,0.68,0.70,0.64,0.70,0.01,1.81,"190,992",3.87,0.30,...,...,...,-3.26
Senmiao Technology,AIHS,4.55,4.99,4.41,4.55,-0.09,-1.94,"13,671",8.91,3.75,...,...,...,...
Sensus Healthcare,SRTS,8.70,8.70,8.25,8.39,-0.19,-2.21,"30,253",8.88,4.89,...,...,...,62.60
Sensus Healthcare WT,SRTSW,2.00,2.25,1.99,2.11,-0.10,-4.52,"4,015",3.80,0.40,...,...,...,201.43
Sentinel Energy Services Cl A,STNL,9.90,9.90,9.90,9.90,0.07,0.71,"580",14.21,9.60,...,...,...,...
Sequential Brands Group,SQBG,1.66,1.66,1.61,1.62,-0.03,-1.82,"377,457",3.01,1.36,...,...,...,-8.99
Seven Stars Cloud Group,SSC,3.83,3.83,3.63,3.67,-0.15,-3.93,"453,526",7.00,1.41,...,...,...,-20.39
Severn Bancorp,SVBI,9.48,9.52,9.25,9.25,-0.32,-3.34,"5,799",9.86,6.85,0.12,1.30,25.69,27.50
SG Blocks,SGBX,4.04,4.04,3.93,3.93,-0.07,-1.75,"664",7.00,3.01,...,...,...,-34.28
SGOCO Group,SGOC,1.06,1.07,0.91,0.92,-0.12,-11.54,"36,303",2.29,0.90,...,...,...,-13.21
Sharing Economy International,SEII,2.80,2.92,2.68,2.87,0.10,3.65,"23,885",12.40,2.10,...,...,...,-62.14
Sharps Compliance,SMED,3.39,3.40,3.38,3.39,-0.02,-0.70,"4,773",5.15,3.14,...,...,...,-17.21
SharpSpring,SHSP,13.71,13.88,13.10,13.70,0.05,0.37,"11,085",14.87,3.36,...,...,...,211.09
ShiftPixy,PIXY,4.02,4.05,3.93,3.98,0.01,0.25,"101,108",6.35,2.00,...,...,...,38.19
Shineco,TYHT,0.95,0.97,0.90,0.94,-0.01,-0.56,"104,701",4.60,0.83,...,...,1.71,-59.14
ShotSpotter,SSTI,53.11,55.36,52.12,52.44,-0.67,-1.26,"234,139",66.14,12.56,...,...,...,273.24
Siebert Financial,SIEB,14.12,14.18,13.38,13.77,-0.06,-0.43,"9,561",21.61,3.60,...,...,66.52,2.00
Sify Technologies ADR,SIFY,1.56,1.59,1.56,1.58,...,0.32,"33,644",3.15,1.36,0.17,11.01,...,-11.41
Sigma Labs,SGLB,1.23,1.30,1.12,1.20,-0.02,-1.49,"138,645",4.48,0.73,...,...,...,-44.19
Sigma Labs WT,SGLBW,0.27,0.35,0.27,0.35,...,...,"3,300",0.88,0.11,...,...,...,-27.08
Sigmatron International,SGMA,5.58,5.74,5.56,5.74,0.13,2.32,"10,780",11.61,5.26,...,...,...,-43.28
SilverSun Technologies,SSNT,3.60,3.66,3.60,3.66,-0.11,-2.95,"369",4.84,2.90,...,...,...,-13.49
Simply Good Foods,SMPL,18.95,19.18,18.67,19.02,0.03,0.16,"600,799",19.84,11.01,...,...,20.90,33.38
Simply Good Foods WT,SMPLW,7.02,7.50,7.02,7.50,0.06,0.81,"13,450",8.45,1.86,...,...,...,92.80
Simulations Plus,SLP,20.20,20.63,19.80,20.53,0.41,2.04,"51,077",23.95,14.25,0.24,1.17,42.77,27.52
Sino-Global Shipping America,SINO,1.11,1.12,1.08,1.09,-0.02,-1.80,"50,288",3.40,1.04,...,...,18.57,-57.42
SITO Mobile,SITO,1.67,1.78,1.65,1.68,-0.04,-2.33,"173,342",8.60,1.37,...,...,...,-75.00
Sky Solar Holdings ADR,SKYS,0.53,0.59,0.53,0.55,-0.03,-4.51,"63,806",2.00,0.46,...,...,...,-63.27
SmartFinancial,SMBK,23.38,23.91,23.28,23.85,0.47,2.01,"12,245",27.69,19.49,...,...,28.96,9.91
Smith Micro Software,SMSI,2.64,2.67,2.56,2.60,-0.04,-1.52,"58,488",3.41,1.13,...,...,...,-8.45
Social Reality Cl A,SRAX,3.37,3.65,3.20,3.65,0.21,6.03,"200,977",7.95,2.12,...,...,...,-35.40
Socket Mobile,SCKT,2.29,2.37,2.26,2.26,-0.03,-1.31,"533",4.19,1.86,...,...,...,-36.87
Soleno Therapeutics,SLNO,2.28,2.29,2.01,2.24,-0.06,-2.61,"14,218",3.60,1.32,...,...,...,24.44
Soligenix,SNGX,1.80,2.20,1.77,2.00,0.20,11.11,"1,039,344",3.70,0.91,...,...,...,-9.89
Soligenix WT,SNGXW,0.44,0.44,0.44,0.44,...,...,"5,000",1.08,0.16,...,...,...,-45.59
Sonic Foundry,SOFO,1.57,1.59,1.57,1.59,-0.01,-0.48,"1,277",3.87,1.51,...,...,...,-47.10
Sonoma Pharmaceuticals,SNOA,1.35,1.49,1.35,1.42,0.07,5.19,"41,984",5.92,1.31,...,...,...,-73.94
Sonoma Pharmaceuticals WT,SNOAW,0.02,0.02,0.02,0.02,-0.01,-33.11,"5,100",0.52,0.01,...,...,...,-95.12
Sophiris Bio,SPHS,2.67,2.69,2.57,2.65,-0.01,-0.38,"185,848",4.05,1.80,...,...,...,16.74
Sorrento Therapeutics,SRNE,4.23,4.29,3.95,4.20,-0.00,-0.12,"2,570,606",10.65,1.70,...,...,...,10.39
Sound Financial Bancorp,SFBC,39.05,39.80,39.05,39.80,0.55,1.40,"6,151",40.87,32.10,0.56,1.41,17.01,16.98
SPAR Group,SGRP,0.99,0.99,0.95,0.98,0.03,3.26,"22,151",3.75,0.90,...,...,...,-20.12
Sphere 3D,ANY,0.29,0.37,0.29,0.35,0.03,8.25,"3,584,098",3.95,0.13,...,...,...,-85.92
Spherix,SPEX,1.02,1.06,1.01,1.06,0.01,0.95,"125,069",2.42,0.95,...,...,...,-24.29
Spring Bank Pharmaceuticals,SBPH,11.79,12.06,10.88,12.05,0.32,2.73,"20,473",18.93,10.63,...,...,...,-10.34
SSLJ.com Cl A,SSLJ,0.69,0.75,0.60,0.65,...,...,"210,939",5.75,0.48,...,...,...,...
Staffing 360 Solutions,STAF,1.95,2.05,1.95,1.96,-0.06,-2.97,"97,391",5.65,1.14,...,...,...,-37.78
Standard AVB Financial,STND,31.11,31.48,30.95,31.48,0.20,0.64,"6,309",39.45,29.10,0.88,2.81,22.98,4.65
State Bank Financial,STBZ,29.63,30.45,29.41,30.32,0.77,2.61,"265,706",35.99,27.56,0.80,2.64,21.20,1.61
Stellar Acquisition III,STLR,10.30,10.39,10.30,10.39,0.04,0.38,"5,351",11.00,9.16,...,...,...,1.76
Stellar Acquisition III WT,STLRW,0.14,0.14,0.14,0.14,...,1.23,"5,000",0.93,0.12,...,...,...,-54.85
Stellar Biotechnologies,SBOT,1.36,1.36,1.34,1.35,0.01,1.12,"24,932",10.14,1.32,...,...,...,-76.11
Stemline Therapeutics,STML,16.91,17.07,16.65,17.06,0.17,1.01,"219,160",20.55,10.20,...,...,...,9.36
Sterling Bancorp,SBT,11.77,11.86,11.62,11.68,0.23,2.01,"24,590",14.98,10.81,0.04,0.34,12.19,-8.03
Stewardship Financial,SSFN,10.60,10.60,10.59,10.59,-0.11,-1.03,"2,557",12.75,9.30,0.12,1.13,15.57,3.32
Strata Skin Sciences,SSKN,3.39,3.50,3.21,3.35,-0.07,-2.05,"502,370",3.88,1.06,...,...,...,172.36
Streamline Health Solutions,STRM,1.19,1.20,1.16,1.16,-0.07,-5.69,"4,267",2.82,1.00,...,...,...,-31.36
Summer Infant,SUMR,1.44,1.52,1.41,1.42,-0.02,-1.39,"51,690",1.98,0.72,...,...,...,-5.33
Summit Financial Group,SMMF,22.42,23.30,22.08,22.81,0.18,0.80,"13,469",28.16,21.78,0.52,2.28,12.81,-13.34
Summit Wireless Technologies,WISA,4.24,4.40,4.02,4.40,0.10,2.33,"5,227",5.00,3.56,...,...,...,...
Sunesis Pharmaceuticals,SNSS,2.02,2.11,1.98,2.07,0.06,2.99,"62,688",7.69,1.80,...,...,...,-43.90
Sunworks,SUNW,0.48,0.48,0.33,0.43,-0.05,-9.89,"342,144",1.63,0.33,...,...,...,-59.24
SuperCom,SPCB,1.79,1.79,1.76,1.76,-0.04,-2.49,"77,078",4.95,1.53,...,...,...,-54.99
Superconductor Technologies,SCON,1.87,1.98,1.72,1.84,-0.01,-0.54,"87,231",14.90,1.47,...,...,...,-83.12
support.com,SPRT,2.96,2.96,2.91,2.92,-0.01,-0.34,"12,012",3.15,2.22,...,...,...,20.66
S&W Seed,SANW,2.74,2.80,2.72,2.75,...,...,"45,954",4.40,2.35,...,...,...,-29.49
Synthesis Energy Systems,SES,2.30,2.41,2.15,2.25,-0.10,-4.26,"9,674",4.18,2.00,...,...,...,-20.77
Taitron Components Cl A,TAIT,1.91,1.97,1.91,1.93,0.02,1.05,"10,583",2.89,1.22,0.10,5.18,14.85,14.87
Tantech Holdings,TANH,1.63,1.65,1.60,1.61,-0.02,-1.23,"207,402",3.78,1.10,...,...,12.35,-37.60
Taoping,TAOP,1.22,1.28,1.20,1.27,0.04,3.25,"148,623",5.20,1.10,...,...,60.77,-14.19
TapImmune,TPIV,9.05,9.42,8.54,9.19,0.16,1.77,"257,546",13.55,2.58,...,...,...,134.44
Taylor Devices,TAYD,11.40,11.50,11.36,11.36,-0.04,-0.35,"1,712",15.14,9.70,...,...,85.67,-15.35
TDH Holdings,PETZ,1.62,1.70,1.60,1.60,-0.02,-1.23,"24,362",30.98,1.41,...,...,65.04,-71.63
Technical Communications,TCCO,4.52,4.60,4.52,4.53,-0.05,-1.09,"6,488",15.40,3.70,...,...,...,-60.44
Tecnoglass,TGLS,9.81,9.90,9.50,9.65,-0.15,-1.53,"70,307",10.29,6.81,0.56,5.80,22.54,31.29
Tecogen,TGEN,3.25,3.25,3.20,3.24,0.04,1.25,"12,197",4.20,2.05,...,...,...,20.00
Tellurian,TELL,9.17,9.64,9.17,9.32,0.17,1.86,"1,326,050",13.74,6.45,...,...,...,-4.31
Tenax Therapeutics,TENX,4.68,4.72,4.68,4.70,-0.02,-0.42,"2,185",12.63,4.41,...,...,...,-52.04
Tenzing Acquisition Un,TZACU,10.03,10.06,10.03,10.05,-0.02,-0.20,"18,500",10.44,10.01,...,...,...,...
TG Therapeutics,TGTX,5.43,5.54,5.29,5.41,-0.09,-1.64,"1,930,977",17.35,4.95,...,...,...,-34.02
Therapix Biosciences ADR,TRPX,5.18,6.41,4.75,5.75,0.17,3.05,"750,440",7.69,3.00,...,...,...,7.68
TheStreet,TST,2.14,2.22,2.12,2.18,0.04,1.87,"52,106",2.50,0.87,0.10,4.59,3.77,50.34
Thunder Bridge Acquisition,TBRG,9.70,9.72,9.70,9.71,-0.02,-0.21,"100,200",9.77,9.60,...,...,...,...
Thunder Bridge Acquisition,TBRGU,10.02,10.15,10.00,10.15,-0.01,-0.10,"4,191",10.20,9.97,...,...,...,...
Tiberius Acquisition,TIBR,9.70,9.70,9.70,9.70,0.03,0.31,"17,105",9.75,9.55,...,...,...,...
Tiptree,TIPT,6.57,6.57,6.29,6.47,-0.04,-0.61,"41,879",7.23,5.35,0.14,2.16,...,8.74
Titan Medical,TMDI,2.06,2.14,1.98,2.07,0.01,0.49,"104,508",7.75,1.70,...,...,...,...
Titan Pharmaceuticals,TTNP,0.20,0.21,0.17,0.19,-0.01,-2.78,"4,278,091",2.85,0.17,...,...,...,-85.47
TKK Symphony Acquisition,TKKSU,10.08,10.11,10.08,10.11,0.03,0.33,"8,096",10.20,10.00,...,...,...,...
TKK Symphony Acquisition,TKKSR,0.40,0.40,0.40,0.40,...,...,"307,000",0.53,0.35,...,...,...,...
TKK Symphony Acquisition,TKKS,9.51,9.51,9.51,9.51,-0.01,-0.11,"104",9.55,9.50,...,...,...,...
TKK Symphony Acquisition WT,TKKSW,0.24,0.24,0.24,0.24,...,...,"500",0.31,0.16,...,...,...,...
TMSR Holding,TMSR,2.32,2.50,2.31,2.50,-0.17,-6.33,"2,805",10.32,1.84,...,...,71.43,-49.80
Top Image Systems,TISA,0.93,0.95,0.88,0.92,-0.01,-1.17,"57,601",1.75,0.88,...,...,...,-19.39
TOP Ships,TOPS,1.11,1.17,1.07,1.16,0.09,7.94,"366,526",35.50,0.69,...,...,...,-53.98
Torchlight Energy Resources,TRCH,0.99,1.00,0.96,0.97,-0.01,-1.02,"115,850",1.51,0.86,...,...,...,-27.61
Tottenham Acquisition I,TOTA,9.70,9.70,9.70,9.70,...,...,"100",9.99,9.63,...,...,...,...
Trident Acquisitions Un,TDACU,10.10,10.10,10.10,10.10,-0.01,-0.14,"904",10.20,10.00,...,...,...,...
Trillium Therapeutics,TRIL,5.35,5.71,5.20,5.53,0.15,2.79,"211,773",13.30,4.80,...,...,...,-23.72
Trinity Merger WT,TMCXW,0.48,0.48,0.48,0.48,-0.02,-4.00,"100",0.70,0.37,...,...,...,...
TrovaGene,TROV,0.83,0.84,0.78,0.81,0.01,1.64,"1,481,589",12.96,0.65,...,...,...,-78.10
Truett-Hurst Cl A,THST,2.05,2.05,1.80,2.00,-0.07,-3.16,"14,189",3.19,1.26,...,...,...,-3.62
TSR,TSRI,7.12,7.12,6.65,6.82,-0.28,-3.94,"3,221",9.40,4.25,...,...,27.28,31.15
Tucows,TCX,55.13,55.49,54.77,55.03,-0.02,-0.04,"63,117",71.75,49.80,...,...,26.98,-21.44
Tyme Technologies,TYME,2.54,2.57,2.44,2.56,0.01,0.39,"91,640",8.30,2.01,...,...,...,-59.87
UFP Technologies,UFPT,38.42,39.50,37.62,39.49,1.13,2.95,"22,444",39.50,26.00,...,...,28.62,42.05
United Bancorp,UBCP,13.10,13.49,13.05,13.20,0.15,1.14,"2,220",14.00,11.70,0.52,3.94,16.46,-0.39
United Insurance Holdings,UIHC,20.81,21.25,20.55,21.07,0.25,1.20,"105,644",22.43,15.30,0.24,1.14,41.31,22.14
Urban One Cl D,UONEK,2.05,2.05,1.96,1.99,-0.04,-1.97,"192,003",2.40,1.35,...,...,0.85,13.71
U S Concrete,USCR,45.67,46.09,45.03,45.29,-0.11,-0.24,"204,112",86.35,44.00,...,...,22.48,-45.86
U.S. Energy,USEG,1.03,1.06,0.97,1.03,0.01,0.98,"45,832",1.96,0.73,...,...,...,-31.33
U.S. Global Investors Cl A,GROW,1.52,1.60,1.52,1.57,0.04,2.61,"44,310",7.49,1.41,0.03,1.91,39.25,-59.74
U.S. Gold,USAU,1.06,1.06,1.05,1.05,...,...,"47,375",3.27,0.97,...,...,...,-35.58
Valeritas Holdings,VLRX,1.22,1.30,1.12,1.24,0.01,0.81,"459,037",6.79,0.78,...,...,...,-56.49
Value Line,VALU,24.25,25.31,24.25,25.31,0.25,1.00,"1,188",26.93,17.21,0.76,3.00,15.72,30.80
Vantage Energy Acquisition Cl A,VEAC,10.00,10.00,10.00,10.00,0.03,0.30,"5,102",10.05,9.62,...,...,...,2.88
Vantage Energy Acquisition Un,VEACU,10.45,10.60,10.45,10.60,...,...,"6,282",10.68,9.97,...,...,176.67,4.02
Vaxart,VXRT,2.76,2.89,2.73,2.78,-0.02,-0.71,"13,935",11.88,2.37,...,...,...,-55.37
VBI Vaccines,VBIV,2.40,2.45,2.22,2.30,-0.10,-4.17,"237,536",5.10,1.68,...,...,...,-46.14
VectoIQ Acquisition,VTIQ,9.57,9.57,9.57,9.57,...,...,"426,200",9.65,9.51,...,...,...,...
VectoIQ Acquisition Un,VTIQU,10.15,10.15,10.12,10.12,-0.03,-0.30,"114,702",10.54,9.96,...,...,...,...
Vericel,VCEL,13.91,14.94,13.91,14.92,0.92,6.57,"854,409",14.95,3.30,...,...,...,173.76
Vermillion,VRML,0.73,0.74,0.71,0.72,0.01,1.39,"21,254",2.10,0.47,...,...,...,-62.70
Vertex Energy,VTNR,1.91,1.97,1.86,1.88,-0.04,-2.08,"386,677",2.04,0.71,...,...,...,97.89
Veru,VERU,1.32,1.39,1.31,1.38,0.05,4.15,"56,143",2.37,0.90,...,...,...,21.05
Vical,VICL,1.37,1.39,1.35,1.36,...,...,"37,231",3.15,1.02,...,...,...,-25.68
Viking Therapeutics WT,VKTXW,14.29,15.04,14.04,14.50,0.55,3.96,"11,070",25.00,0.59,...,...,...,473.12
Village Bank&Trust Financial,VBFC,33.97,34.41,33.95,34.15,0.30,0.89,"2,025",35.00,27.15,...,...,...,11.42
VirTra,VTSI,5.25,5.29,5.20,5.20,-0.05,-0.95,"14,093",7.36,2.05,...,...,11.56,96.97
VistaGen Therapeutics,VTGN,1.70,2.44,1.66,2.09,0.57,37.50,"10,226,568",2.65,0.69,...,...,...,87.71
Viveve Medical,VIVE,2.46,2.87,2.46,2.86,0.39,15.79,"130,112",5.95,1.60,...,...,...,-42.45
VivoPower International,VVPR,1.39,1.42,1.37,1.37,-0.02,-1.44,"7,361",6.69,1.02,...,...,...,-52.76
Vuzix,VUZI,6.23,6.65,6.23,6.52,0.29,4.65,"127,208",11.40,4.55,...,...,...,4.32
WCF Bancorp,WCFB,9.45,9.45,9.30,9.30,-0.11,-1.15,"4,331",10.24,8.75,0.20,2.15,215.78,-2.31
Wellesley Bancorp,WEBK,33.63,33.65,33.52,33.65,0.10,0.29,"1,751",34.50,26.05,0.22,0.65,19.68,13.29
Westell Technologies Cl A,WSTL,2.64,2.80,2.64,2.77,0.12,4.53,"24,620",4.60,2.50,...,...,73.87,-26.13
Westwater Resources,WWR,0.24,0.24,0.22,0.23,-0.01,-2.97,"1,381,490",1.38,0.16,...,...,...,-78.60
Wheeler Real Estate Investment Trust,WHLR,4.26,4.54,4.25,4.52,0.31,7.36,"26,924",12.30,3.25,...,...,...,-54.71
Wheeler Real Estate Investment Trust WT,WHLRW,0.02,0.02,0.02,0.02,0.01,100.00,"620",0.08,0.01,...,...,...,-41.86
Wilhelmina International,WHLM,6.50,6.51,6.50,6.51,-0.12,-1.85,"347",7.54,4.90,...,...,44.94,0.58
Willamette Valley Vineyards,WVVI,7.90,7.97,7.85,7.90,0.13,1.67,"3,008",8.86,7.77,...,...,17.56,-4.25
WillScot,WSC,17.95,17.95,17.61,17.80,...,...,"413,187",18.19,9.45,...,...,...,40.16
WMIH,WMIH,1.36,1.43,1.35,1.41,0.04,2.92,"6,905,526",1.67,0.60,...,...,...,66.06
Workhorse Group,WKHS,1.15,1.16,1.10,1.11,-0.04,-3.48,"64,470",3.45,0.91,...,...,...,-56.64
WSI Industries,WSCI,6.95,6.96,6.93,6.94,-0.01,-0.14,"78,342",6.99,2.90,0.16,2.31,17.35,15.67
Xenetic Biosciences,XBIO,2.36,3.09,2.35,2.60,0.25,10.64,"198,869",8.95,1.37,...,...,...,35.52
xG Technology,XGTI,0.43,0.43,0.41,0.42,0.01,2.02,"93,770",1.98,0.37,...,...,...,-74.13
XpresSpa Group,XSPA,0.18,0.19,0.16,0.18,0.02,12.50,"2,886,854",1.80,0.11,...,...,...,-86.86
XTL Biopharmaceuticals ADR,XTLB,2.17,2.17,2.04,2.10,-0.05,-2.33,"12,915",3.94,1.55,...,...,4.04,-8.18
Yatra Online,YTRA,5.52,5.61,5.46,5.51,-0.01,-0.18,"54,807",11.71,4.56,...,...,...,-26.34
Yield10 Bioscience,YTEN,1.49,1.57,1.45,1.54,0.05,3.36,"23,824",8.67,1.12,...,...,...,-12.99
Youngevity International,YGYI,7.31,7.49,6.71,6.76,-0.63,-8.53,"106,754",7.97,3.17,...,...,...,63.68
Yulong Eco-Materials,YECO,1.42,1.48,1.36,1.37,-0.05,-3.52,"21,136",9.00,1.14,...,...,...,-49.26
ZIOPHARM Oncology,ZIOP,3.06,3.19,2.96,3.10,0.04,1.31,"982,858",6.60,2.23,...,...,...,-25.12
ZK International Group,ZKIN,3.14,3.15,2.93,3.13,...,...,"2,497",16.00,2.67,...,...,...,-68.06
Zosano Pharma,ZSAN,4.28,4.34,4.10,4.20,0.09,2.19,"200,665",25.80,3.61,...,...,...,-59.62
